variant;name;cap_pts;slcap;obj;maxstep;filter;ft;trades;wins;losses;winrate;gp;gl;pf;equity;net;maxdd;max_streak;next_step;unrecovered;skipped;sequences;sequence_wins;sequence_failures;failure_pct;after_hours_entries;pending_at_summary
0;REC_TT_CAP30;30;0;1.0;4;2;False;4;3;1;75.0;5.46;2.06;2.65;10003.4;3.4;2.06;1;0;0.0;0;3;3;0;0.0;0;0
1;REC_TT_CAP35;35;0;1.0;4;2;False;4;3;1;75.0;5.46;2.06;2.65;10003.4;3.4;2.06;1;0;0.0;0;3;3;0;0.0;0;0
2;REC_TT_CAP40;40;0;1.0;4;2;False;4;3;1;75.0;5.46;2.06;2.65;10003.4;3.4;2.06;1;0;0.0;0;3;3;0;0.0;0;0
3;REC_TT_CAP45;45;0;1.0;4;2;False;4;3;1;75.0;5.46;2.06;2.65;10003.4;3.4;2.06;1;0;0.0;0;3;3;0;0.0;0;0
4;REC_TT_CAP50;50;0;1.0;4;2;False;4;3;1;75.0;5.46;2.06;2.65;10003.4;3.4;2.06;1;0;0.0;0;3;3;0;0.0;0;0
5;REC_TT_CAP60;60;0;1.0;4;2;False;4;3;1;75.0;5.46;2.06;2.65;10003.4;3.4;2.06;1;0;0.0;0;3;3;0;0.0;0;0
6;REC_TT_3PASOS;60;0;1.0;3;2;False;4;3;1;75.0;5.46;2.06;2.65;10003.4;3.4;2.06;1;0;0.0;0;3;3;0;0.0;0;0
7;REC_TT_4PASOS;60;0;1.0;4;2;False;4;3;1;75.0;5.46;2.06;2.65;10003.4;3.4;2.06;1;0;0.0;0;3;3;0;0.0;0;0
8;REC_TT_DINAMICO;60;0;1.0;4;2;False;4;3;1;75.0;5.46;2.06;2.65;10003.4;3.4;2.06;1;0;0.0;0;3;3;0;0.0;0;0
9;REC_TT_OBJ05;60;0;0.5;4;2;False;4;3;1;75.0;4.96;2.06;2.407;10002.9;2.9;2.06;1;0;0.0;0;3;3;0;0.0;0;0
10;REC_TT_OBJ20;60;0;2.0;4;2;False;4;3;1;75.0;8.06;2.06;3.912;10006.0;6.0;2.06;1;0;0.0;0;3;3;0;0.0;0;0
11;REC_TT_OBJ30;60;0;3.0;4;2;False;5;3;2;60.0;12.34;3.34;3.691;10009.0;9.0;2.06;1;0;0.0;0;3;3;0;0.0;1;0
12;REC_TT_SL10;60;10;1.0;4;2;False;5;2;3;40.0;14.2;12.0;1.183;10002.2;2.2;12.0;3;0;0.0;0;2;2;0;0.0;1;0
13;REC_TT_SL15;60;15;1.0;4;2;False;5;2;3;40.0;19.26;17.06;1.129;10002.2;2.2;17.06;3;0;0.0;0;2;2;0;0.0;1;0
14;REC_TT_SL20;60;20;1.0;4;2;False;4;3;1;75.0;5.46;2.06;2.65;10003.4;3.4;2.06;1;0;0.0;0;3;3;0;0.0;0;0
15;REC60_FT10_10;60;0;1.0;4;2;True;16;7;9;43.75;19.46;32.06;0.607;9987.4;-12.6;20.0;4;1;2.0;0;3;7;1;33.3;3;1
16;REC60_FT12_10;60;0;1.0;4;2;True;16;7;9;43.75;22.26;32.06;0.694;9990.2;-9.8;20.0;4;1;2.0;0;3;7;1;33.3;3;1
17;REC60_FT15_10;60;0;1.0;4;2;True;16;6;10;37.5;26.46;36.06;0.734;9990.4;-9.6;20.0;4;1;2.0;0;3;6;1;33.3;3;1
18;REC40_FT10_10;40;0;1.0;4;2;True;16;7;9;43.75;19.46;32.06;0.607;9987.4;-12.6;20.0;4;1;2.0;0;3;7;1;33.3;3;1
19;REC60_FT_STRICT;60;0;1.0;4;1;True;16;7;9;43.75;19.46;32.06;0.607;9987.4;-12.6;20.0;4;1;2.0;0;3;7;1;33.3;3;1
