open_server;close_server;variant;name;pattern;kind;dir;step;lot;entry;exit;tp;sl;points;pnl;reason;after_hours;ZVL;RER;IRPL;ZSF;RPCN;IIT;equity
1704983400000;1704983428000;15;REC60_FT10_10;598;1;-1;0;0.01;16836.409;16846.41;16826.41;16846.41;-10.0;-0.1;SL;0;0.0;0.0;0.0;-1.4654358495847937;-1.4249312560978478;-0.14566182255547833;9999.9
1704983400000;1704983428000;16;REC60_FT12_10;598;1;-1;0;0.01;16836.409;16846.41;16824.41;16846.41;-10.0;-0.1;SL;0;0.0;0.0;0.0;-1.4654358495847937;-1.4249312560978478;-0.14566182255547833;9999.9
1704983400000;1704983428000;17;REC60_FT15_10;598;1;-1;0;0.01;16836.409;16846.41;16821.41;16846.41;-10.0;-0.1;SL;0;0.0;0.0;0.0;-1.4654358495847937;-1.4249312560978478;-0.14566182255547833;9999.9
1704983400000;1704983428000;18;REC40_FT10_10;598;1;-1;0;0.01;16836.409;16846.41;16826.41;16846.41;-10.0;-0.1;SL;0;0.0;0.0;0.0;-1.4654358495847937;-1.4249312560978478;-0.14566182255547833;9999.9
1704983400000;1704983428000;19;REC60_FT_STRICT;598;1;-1;0;0.01;16836.409;16846.41;16826.41;16846.41;-10.0;-0.1;SL;0;0.0;0.0;0.0;-1.4654358495847937;-1.4249312560978478;-0.14566182255547833;9999.9
1704983428500;1704983436000;15;REC60_FT10_10;598;1;-1;1;0.02;16846.3325;16856.33;16836.33;16856.33;-10.0;-0.2;SL;0;0.0;0.0;0.0;-0.03840341218345057;-0.1372632518027715;-0.08902852046308596;9999.7
1704983428500;1704983436000;16;REC60_FT12_10;598;1;-1;1;0.02;16846.3325;16856.33;16834.33;16856.33;-10.0;-0.2;SL;0;0.0;0.0;0.0;-0.03840341218345057;-0.1372632518027715;-0.08902852046308596;9999.7
1704983428500;1704983436000;17;REC60_FT15_10;598;1;-1;1;0.02;16846.3325;16856.33;16831.33;16856.33;-10.0;-0.2;SL;0;0.0;0.0;0.0;-0.03840341218345057;-0.1372632518027715;-0.08902852046308596;9999.7
1704983428500;1704983436000;18;REC40_FT10_10;598;1;-1;1;0.02;16846.3325;16856.33;16836.33;16856.33;-10.0;-0.2;SL;0;0.0;0.0;0.0;-0.03840341218345057;-0.1372632518027715;-0.08902852046308596;9999.7
1704983428500;1704983436000;19;REC60_FT_STRICT;598;1;-1;1;0.02;16846.3325;16856.33;16836.33;16856.33;-10.0;-0.2;SL;0;0.0;0.0;0.0;-0.03840341218345057;-0.1372632518027715;-0.08902852046308596;9999.7
1704983438000;1704983498500;15;REC60_FT10_10;598;1;-1;2;0.03;16858.217;16848.22;16848.22;16868.22;10.0;0.3;TP;0;0.0;0.0;0.0;-0.020774843925342575;-0.13518135262438827;-0.07807985567891551;10000.0
1704983438000;1704983498500;18;REC40_FT10_10;598;1;-1;2;0.03;16858.217;16848.22;16848.22;16868.22;10.0;0.3;TP;0;0.0;0.0;0.0;-0.020774843925342575;-0.13518135262438827;-0.07807985567891551;10000.0
1704983438000;1704983498500;19;REC60_FT_STRICT;598;1;-1;2;0.03;16858.217;16848.22;16848.22;16868.22;10.0;0.3;TP;0;0.0;0.0;0.0;-0.020774843925342575;-0.13518135262438827;-0.07807985567891551;10000.0
1704983438000;1704983552000;16;REC60_FT12_10;598;1;-1;2;0.03;16858.217;16846.22;16846.22;16868.22;12.0;0.36;TP;0;0.0;0.0;0.0;-0.020774843925342575;-0.13518135262438827;-0.07807985567891551;10000.06
1704983438000;1704983554000;17;REC60_FT15_10;598;1;-1;2;0.03;16858.217;16843.22;16843.22;16868.22;15.0;0.45;TP;0;0.0;0.0;0.0;-0.020774843925342575;-0.13518135262438827;-0.07807985567891551;10000.15
1704984376000;1704984394000;15;REC60_FT10_10;528;1;1;0;0.01;16822.111;16832.11;16832.11;16812.11;10.0;0.1;TP;0;0.07720288554470076;-0.999999999998996;1.7430045564227565;-0.07736246443279336;-0.0028692541766673738;-0.3531113623372947;10000.1
1704984376000;1704984394000;18;REC40_FT10_10;528;1;1;0;0.01;16822.111;16832.11;16832.11;16812.11;10.0;0.1;TP;0;0.07720288554470076;-0.999999999998996;1.7430045564227565;-0.07736246443279336;-0.0028692541766673738;-0.3531113623372947;10000.1
1704984376000;1704984394000;19;REC60_FT_STRICT;528;1;1;0;0.01;16822.111;16832.11;16832.11;16812.11;10.0;0.1;TP;0;0.07720288554470076;-0.999999999998996;1.7430045564227565;-0.07736246443279336;-0.0028692541766673738;-0.3531113623372947;10000.1
1704984332000;1704984396000;8;REC_TT_DINAMICO;7;0;-1;0;0.04;16828.261000000002;16834.68;16803.26;16834.68;-6.42;-0.26;SL;0;0.07720288554470076;-0.999999999998996;1.7430045564227565;0.0;0.0;0.0;9999.74
1704984332000;1704984396000;9;REC_TT_OBJ05;7;0;-1;0;0.01;16828.261000000002;16834.68;16778.26;16834.68;-6.42;-0.06;SL;0;0.07720288554470076;-0.999999999998996;1.7430045564227565;0.0;0.0;0.0;9999.94
1704984376000;1704984396500;16;REC60_FT12_10;528;1;1;0;0.01;16822.111;16834.11;16834.11;16812.11;12.0;0.12;TP;0;0.07720288554470076;-0.999999999998996;1.7430045564227565;-0.07736246443279336;-0.0028692541766673738;-0.3531113623372947;10000.18
1704984376000;1704984509500;17;REC60_FT15_10;528;1;1;0;0.01;16822.111;16812.11;16837.11;16812.11;-10.0;-0.1;SL;0;0.07720288554470076;-0.999999999998996;1.7430045564227565;-0.07736246443279336;-0.0028692541766673738;-0.3531113623372947;10000.05
1704984458000;1704984638000;9;REC_TT_OBJ05;602;0;-1;1;0.02;16816.957;16788.75;16788.75;16837.08;28.21;0.56;TP;1;0.08257769419447067;-0.9999999999989425;1.0736962777570649;0.0;0.0;0.0;10000.5
1704984631000;1704984639000;15;REC60_FT10_10;602;1;1;0;0.01;16796.860999999997;16786.86;16806.86;16786.86;-10.0;-0.1;SL;0;0.08257769419447067;-0.9999999999989425;1.0736962777570649;-0.14333614463402972;-0.05646045043684606;-0.29399296958891097;10000.0
1704984631000;1704984639000;16;REC60_FT12_10;602;1;1;0;0.01;16796.860999999997;16786.86;16808.86;16786.86;-10.0;-0.1;SL;0;0.08257769419447067;-0.9999999999989425;1.0736962777570649;-0.14333614463402972;-0.05646045043684606;-0.29399296958891097;10000.08
1704984631000;1704984639000;17;REC60_FT15_10;602;1;1;1;0.02;16796.860999999997;16786.86;16811.86;16786.86;-10.0;-0.2;SL;0;0.08257769419447067;-0.9999999999989425;1.0736962777570649;-0.14333614463402972;-0.05646045043684606;-0.29399296958891097;9999.85
1704984631000;1704984639000;18;REC40_FT10_10;602;1;1;0;0.01;16796.860999999997;16786.86;16806.86;16786.86;-10.0;-0.1;SL;0;0.08257769419447067;-0.9999999999989425;1.0736962777570649;-0.14333614463402972;-0.05646045043684606;-0.29399296958891097;10000.0
1704984631000;1704984639000;19;REC60_FT_STRICT;602;1;1;0;0.01;16796.860999999997;16786.86;16806.86;16786.86;-10.0;-0.1;SL;0;0.08257769419447067;-0.9999999999989425;1.0736962777570649;-0.14333614463402972;-0.05646045043684606;-0.29399296958891097;10000.0
1704984458000;1704984672500;8;REC_TT_DINAMICO;602;0;-1;1;0.04;16816.957;16785.54;16785.54;16837.08;31.42;1.26;TP;1;0.08257769419447067;-0.9999999999989425;1.0736962777570649;0.0;0.0;0.0;10001.0
1704984673500;1704984691000;15;REC60_FT10_10;602;1;1;1;0.02;16785.10275;16795.1;16795.1;16775.1;10.0;0.2;TP;0;0.08257769419447067;-0.9999999999989425;1.0736962777570649;-0.08927112161346192;-0.009545836239767461;-0.26287663525356697;10000.2
1704984673500;1704984691000;18;REC40_FT10_10;602;1;1;1;0.02;16785.10275;16795.1;16795.1;16775.1;10.0;0.2;TP;0;0.08257769419447067;-0.9999999999989425;1.0736962777570649;-0.08927112161346192;-0.009545836239767461;-0.26287663525356697;10000.2
1704984673500;1704984691000;19;REC60_FT_STRICT;602;1;1;1;0.02;16785.10275;16795.1;16795.1;16775.1;10.0;0.2;TP;0;0.08257769419447067;-0.9999999999989425;1.0736962777570649;-0.08927112161346192;-0.009545836239767461;-0.26287663525356697;10000.2
1704984673500;1704984692500;16;REC60_FT12_10;602;1;1;1;0.02;16785.10275;16797.1;16797.1;16775.1;12.0;0.24;TP;0;0.08257769419447067;-0.9999999999989425;1.0736962777570649;-0.08927112161346192;-0.009545836239767461;-0.26287663525356697;10000.32
1704984673500;1704984695000;17;REC60_FT15_10;602;1;1;2;0.03;16785.10275;16800.1;16800.1;16775.1;15.0;0.45;TP;0;0.08257769419447067;-0.9999999999989425;1.0736962777570649;-0.08927112161346192;-0.009545836239767461;-0.26287663525356697;10000.3
1704984753000;1704984876500;8;REC_TT_DINAMICO;604;0;-1;0;0.04;16798.4075;16808.71;16773.41;16808.71;-10.3;-0.41;SL;0;0.05912676863407831;-0.9999999999989916;1.3851797418092353;0.0;0.0;0.0;10000.59
1704984753000;1704984876500;9;REC_TT_OBJ05;604;0;-1;0;0.01;16798.4075;16808.71;16748.41;16808.71;-10.3;-0.1;SL;0;0.05912676863407831;-0.9999999999989916;1.3851797418092353;0.0;0.0;0.0;10000.4
1704985275000;1704985471000;9;REC_TT_OBJ05;605;0;-1;1;0.02;16792.2015;16762.05;16762.05;16811.19;30.15;0.6;TP;0;0.08826495289351935;-0.9999999999989777;0.17649297989984628;0.0;0.0;0.0;10001.0
1704985466500;1704985471500;15;REC60_FT10_10;605;1;1;0;0.01;16769.8505;16759.85;16779.85;16759.85;-10.0;-0.1;SL;0;0.08826495289351935;-0.9999999999989777;0.17649297989984628;0.05512281706812093;-0.037133207726228336;-0.06582412262570458;10000.1
1704985466500;1704985471500;16;REC60_FT12_10;605;1;1;0;0.01;16769.8505;16759.85;16781.85;16759.85;-10.0;-0.1;SL;0;0.08826495289351935;-0.9999999999989777;0.17649297989984628;0.05512281706812093;-0.037133207726228336;-0.06582412262570458;10000.22
1704985466500;1704985471500;17;REC60_FT15_10;605;1;1;0;0.01;16769.8505;16759.85;16784.85;16759.85;-10.0;-0.1;SL;0;0.08826495289351935;-0.9999999999989777;0.17649297989984628;0.05512281706812093;-0.037133207726228336;-0.06582412262570458;10000.2
1704985466500;1704985471500;18;REC40_FT10_10;605;1;1;0;0.01;16769.8505;16759.85;16779.85;16759.85;-10.0;-0.1;SL;0;0.08826495289351935;-0.9999999999989777;0.17649297989984628;0.05512281706812093;-0.037133207726228336;-0.06582412262570458;10000.1
1704985466500;1704985471500;19;REC60_FT_STRICT;605;1;1;0;0.01;16769.8505;16759.85;16779.85;16759.85;-10.0;-0.1;SL;0;0.08826495289351935;-0.9999999999989777;0.17649297989984628;0.05512281706812093;-0.037133207726228336;-0.06582412262570458;10000.1
1704985275000;1704985474000;8;REC_TT_DINAMICO;605;0;-1;1;0.04;16792.2015;16756.9;16756.9;16811.19;35.3;1.41;TP;0;0.08826495289351935;-0.9999999999989777;0.17649297989984628;0.0;0.0;0.0;10002.0
1704985471500;1704985476500;15;REC60_FT10_10;605;1;1;1;0.02;16760.605499999998;16750.61;16770.61;16750.61;-10.0;-0.2;SL;1;0.08826495289351935;-0.9999999999989777;0.17649297989984628;0.05705639764303072;-0.03707249768147933;-0.06461079480667153;9999.9
1704985471500;1704985476500;16;REC60_FT12_10;605;1;1;1;0.02;16760.605499999998;16750.61;16772.61;16750.61;-10.0;-0.2;SL;1;0.08826495289351935;-0.9999999999989777;0.17649297989984628;0.05705639764303072;-0.03707249768147933;-0.06461079480667153;10000.02
1704985471500;1704985476500;17;REC60_FT15_10;605;1;1;1;0.02;16760.605499999998;16750.61;16775.61;16750.61;-10.0;-0.2;SL;1;0.08826495289351935;-0.9999999999989777;0.17649297989984628;0.05705639764303072;-0.03707249768147933;-0.06461079480667153;10000.0
1704985471500;1704985476500;18;REC40_FT10_10;605;1;1;1;0.02;16760.605499999998;16750.61;16770.61;16750.61;-10.0;-0.2;SL;1;0.08826495289351935;-0.9999999999989777;0.17649297989984628;0.05705639764303072;-0.03707249768147933;-0.06461079480667153;9999.9
1704985471500;1704985476500;19;REC60_FT_STRICT;605;1;1;1;0.02;16760.605499999998;16750.61;16770.61;16750.61;-10.0;-0.2;SL;1;0.08826495289351935;-0.9999999999989777;0.17649297989984628;0.05705639764303072;-0.03707249768147933;-0.06461079480667153;9999.9
1704985476500;1704985528000;15;REC60_FT10_10;605;1;1;2;0.03;16751.3605;16741.36;16761.36;16741.36;-10.0;-0.3;SL;1;0.08826495289351935;-0.9999999999989777;0.17649297989984628;0.05899070894004106;-0.037012112374048396;-0.06344138764353147;9999.6
1704985476500;1704985528000;16;REC60_FT12_10;605;1;1;2;0.03;16751.3605;16741.36;16763.36;16741.36;-10.0;-0.3;SL;1;0.08826495289351935;-0.9999999999989777;0.17649297989984628;0.05899070894004106;-0.037012112374048396;-0.06344138764353147;9999.72
1704985476500;1704985528000;17;REC60_FT15_10;605;1;1;2;0.03;16751.3605;16741.36;16766.36;16741.36;-10.0;-0.3;SL;1;0.08826495289351935;-0.9999999999989777;0.17649297989984628;0.05899070894004106;-0.037012112374048396;-0.06344138764353147;9999.7
1704985476500;1704985528000;18;REC40_FT10_10;605;1;1;2;0.03;16751.3605;16741.36;16761.36;16741.36;-10.0;-0.3;SL;1;0.08826495289351935;-0.9999999999989777;0.17649297989984628;0.05899070894004106;-0.037012112374048396;-0.06344138764353147;9999.6
1704985476500;1704985528000;19;REC60_FT_STRICT;605;1;1;2;0.03;16751.3605;16741.36;16761.36;16741.36;-10.0;-0.3;SL;1;0.08826495289351935;-0.9999999999989777;0.17649297989984628;0.05899070894004106;-0.037012112374048396;-0.06344138764353147;9999.6
1704985529500;1704985536000;15;REC60_FT10_10;605;1;1;3;0.04;16739.80775;16729.81;16749.81;16729.81;-10.0;-0.4;SL;1;0.08826495289351935;-0.9999999999989777;0.17649297989984628;-0.10360012459752638;-0.016617188696410556;-0.13867425590445326;9999.2
1704985529500;1704985536000;16;REC60_FT12_10;605;1;1;3;0.04;16739.80775;16729.81;16751.81;16729.81;-10.0;-0.4;SL;1;0.08826495289351935;-0.9999999999989777;0.17649297989984628;-0.10360012459752638;-0.016617188696410556;-0.13867425590445326;9999.32
1704985529500;1704985536000;17;REC60_FT15_10;605;1;1;3;0.04;16739.80775;16729.81;16754.81;16729.81;-10.0;-0.4;SL;1;0.08826495289351935;-0.9999999999989777;0.17649297989984628;-0.10360012459752638;-0.016617188696410556;-0.13867425590445326;9999.3
1704985529500;1704985536000;18;REC40_FT10_10;605;1;1;3;0.04;16739.80775;16729.81;16749.81;16729.81;-10.0;-0.4;SL;1;0.08826495289351935;-0.9999999999989777;0.17649297989984628;-0.10360012459752638;-0.016617188696410556;-0.13867425590445326;9999.2
1704985529500;1704985536000;19;REC60_FT_STRICT;605;1;1;3;0.04;16739.80775;16729.81;16749.81;16729.81;-10.0;-0.4;SL;1;0.08826495289351935;-0.9999999999989777;0.17649297989984628;-0.10360012459752638;-0.016617188696410556;-0.13867425590445326;9999.2
1705069800000;1705069837000;15;REC60_FT10_10;603;1;-1;0;0.01;16868.589;16858.59;16858.59;16878.59;10.0;0.1;TP;0;0.0;0.0;0.0;-1.4764580122493993;-1.4351974350474268;-0.011414979330910624;9999.3
1705069800000;1705069837000;18;REC40_FT10_10;603;1;-1;0;0.01;16868.589;16858.59;16858.59;16878.59;10.0;0.1;TP;0;0.0;0.0;0.0;-1.4764580122493993;-1.4351974350474268;-0.011414979330910624;9999.3
1705069800000;1705069837000;19;REC60_FT_STRICT;603;1;-1;0;0.01;16868.589;16858.59;16858.59;16878.59;10.0;0.1;TP;0;0.0;0.0;0.0;-1.4764580122493993;-1.4351974350474268;-0.011414979330910624;9999.3
1705069800000;1705069839000;16;REC60_FT12_10;603;1;-1;0;0.01;16868.589;16856.59;16856.59;16878.59;12.0;0.12;TP;0;0.0;0.0;0.0;-1.4764580122493993;-1.4351974350474268;-0.011414979330910624;9999.44
1705069800000;1705069947000;17;REC60_FT15_10;603;1;-1;0;0.01;16868.589;16853.59;16853.59;16878.59;15.0;0.15;TP;0;0.0;0.0;0.0;-1.4764580122493993;-1.4351974350474268;-0.011414979330910624;9999.45
1705070492500;1705070669500;15;REC60_FT10_10;607;1;-1;0;0.01;16883.266499999998;16893.27;16873.27;16893.27;-10.0;-0.1;SL;0;-0.07956930174093063;0.9999999999989349;1.411106353963542;0.06560104536193619;-0.028364867664902278;-0.07716891547980531;9999.2
1705070492500;1705070669500;16;REC60_FT12_10;607;1;-1;0;0.01;16883.266499999998;16893.27;16871.27;16893.27;-10.0;-0.1;SL;0;-0.07956930174093063;0.9999999999989349;1.411106353963542;0.06560104536193619;-0.028364867664902278;-0.07716891547980531;9999.34
1705070492500;1705070669500;17;REC60_FT15_10;607;1;-1;0;0.01;16883.266499999998;16893.27;16868.27;16893.27;-10.0;-0.1;SL;0;-0.07956930174093063;0.9999999999989349;1.411106353963542;0.06560104536193619;-0.028364867664902278;-0.07716891547980531;9999.35
1705070492500;1705070669500;18;REC40_FT10_10;607;1;-1;0;0.01;16883.266499999998;16893.27;16873.27;16893.27;-10.0;-0.1;SL;0;-0.07956930174093063;0.9999999999989349;1.411106353963542;0.06560104536193619;-0.028364867664902278;-0.07716891547980531;9999.2
1705070492500;1705070669500;19;REC60_FT_STRICT;607;1;-1;0;0.01;16883.266499999998;16893.27;16873.27;16893.27;-10.0;-0.1;SL;0;-0.07956930174093063;0.9999999999989349;1.411106353963542;0.06560104536193619;-0.028364867664902278;-0.07716891547980531;9999.2
1705070198500;1705070671500;8;REC_TT_DINAMICO;607;0;1;0;0.04;16868.762749999998;16893.76;16893.76;16854.36;25.0;1.0;TP;0;-0.07956930174093063;0.9999999999989349;1.411106353963542;0.0;0.0;0.0;10003.0
1705070198500;1705070798500;9;REC_TT_OBJ05;607;0;1;0;0.01;16868.762749999998;16894.37;16918.76;16854.36;25.61;0.26;TIME;0;-0.07956930174093063;0.9999999999989349;1.411106353963542;0.0;0.0;0.0;10001.26
