name,trades,wins,losses,winrate,gp,gl,PF,net,maxDD,max_streak,skipped,seqfail
REC60_FT15_10,11216,6077,5139,54.2,972.9,640.96,1.518,331.95,5.02,11,1463,374
REC60_FT12_10,11046,6171,4875,55.9,925.61,593.94,1.558,331.67,5.05,11,1486,343
REC60_FT10_10,10833,6262,4571,57.8,864.61,551.55,1.568,313.06,5.48,11,1512,309
REC60_FT_STRICT,8215,4914,3301,59.8,678.69,400.39,1.695,278.3,7.65,11,1568,218
REC40_FT10_10,8212,4762,3450,58.0,523.78,439.03,1.193,84.75,12.45,14,8574,277
REC_TT_DINAMICO,831,459,372,55.2,153.55,83.31,1.843,70.24,3.43,10,25365,31
REC_TT_OBJ05,2234,1261,973,56.4,183.89,118.71,1.549,65.17,4.41,10,0,91
REC_TT_CAP30,0,0,0,0.0,0.0,0.0,inf,0.0,0.0,0,1854,0
REC_TT_CAP45,0,0,0,0.0,0.0,0.0,inf,0.0,0.0,0,1854,0
REC_TT_CAP40,0,0,0,0.0,0.0,0.0,inf,0.0,0.0,0,1854,0
REC_TT_CAP35,0,0,0,0.0,0.0,0.0,inf,0.0,0.0,0,1854,0
REC_TT_CAP50,0,0,0,0.0,0.0,0.0,inf,0.0,0.0,0,1854,0
REC_TT_OBJ30,0,0,0,0.0,0.0,0.0,inf,0.0,0.0,0,1854,0
REC_TT_OBJ20,0,0,0,0.0,0.0,0.0,inf,0.0,0.0,0,1854,0
REC_TT_3PASOS,0,0,0,0.0,0.0,0.0,inf,0.0,0.0,0,1854,0
REC_TT_4PASOS,0,0,0,0.0,0.0,0.0,inf,0.0,0.0,0,1854,0
REC_TT_CAP60,0,0,0,0.0,0.0,0.0,inf,0.0,0.0,0,1854,0
REC_TT_SL20,0,0,0,0.0,0.0,0.0,inf,0.0,0.0,0,1854,0
REC_TT_SL10,0,0,0,0.0,0.0,0.0,inf,0.0,0.0,0,1854,0
REC_TT_SL15,0,0,0,0.0,0.0,0.0,inf,0.0,0.0,0,1854,0
