config,status,invalid_configs,sequences,seq_wins,seq_fails,win_pct_seq,trades,gross_profit,gross_loss,net,PF,expectancy_seq,maxdd,maxdd_pct,recovery,sharpe,sortino,pos_months,neg_months,pct_pos_months,after_hours_pct,vpt_mode
S2_O0.5_C100_SLE_FTOFF_B-_W-_STRI,OK,0,200,13,187,6.5,770,8.15,27.63,-15.41,0.295,-0.077,15.81,15.81,-0.975,-0.02,-0.03,3,9,25.0,14.0,PRICE_POINTS_ONLY
S2_O0.5_C100_SLE_FT1010_B3.0_W120_STRI,OK,0,299,6,293,2.0,1220,4.0,36.91,-26.43,0.108,-0.088,26.73,26.73,-0.989,-0.03,-0.04,1,11,8.3,21.1,PRICE_POINTS_ONLY
S2_O0.5_C100_SLE_FT1210_B3.0_W120_STRI,OK,0,301,6,295,2.0,1216,3.98,37.5,-26.9,0.106,-0.089,27.2,27.2,-0.989,-0.03,-0.04,1,11,8.3,21.2,PRICE_POINTS_ONLY
S2_O0.5_C100_SLE_FT1510_B3.0_W120_STRI,OK,0,301,6,295,2.0,1208,4.0,37.88,-27.29,0.106,-0.091,27.59,27.59,-0.989,-0.03,-0.04,1,11,8.3,20.9,PRICE_POINTS_ONLY
S2_O0.5_C100_SL10_FTOFF_B-_W-_STRI,OK,0,200,13,187,6.5,770,8.2,27.49,-15.21,0.298,-0.076,15.6,15.6,-0.975,-0.02,-0.03,3,9,25.0,14.0,PRICE_POINTS_ONLY
S2_O0.5_C100_SL10_FT1010_B3.0_W120_STRI,OK,0,299,6,293,2.0,1220,4.0,36.54,-26.11,0.109,-0.087,26.4,26.4,-0.989,-0.03,-0.04,1,11,8.3,21.1,PRICE_POINTS_ONLY
S2_O0.5_C100_SL10_FT1210_B3.0_W120_STRI,OK,0,301,6,295,2.0,1216,3.98,37.29,-26.68,0.107,-0.089,26.98,26.98,-0.989,-0.03,-0.04,1,11,8.3,21.2,PRICE_POINTS_ONLY
S2_O0.5_C100_SL10_FT1510_B3.0_W120_STRI,OK,0,301,6,295,2.0,1208,4.0,37.68,-27.07,0.106,-0.09,27.37,27.37,-0.989,-0.03,-0.04,1,11,8.3,20.9,PRICE_POINTS_ONLY
S2_O0.5_C100_SL20_FTOFF_B-_W-_STRI,OK,0,200,13,187,6.5,770,8.15,27.63,-15.41,0.295,-0.077,15.81,15.81,-0.975,-0.02,-0.03,3,9,25.0,14.0,PRICE_POINTS_ONLY
S2_O0.5_C100_SL20_FT1010_B3.0_W120_STRI,OK,0,299,6,293,2.0,1220,4.0,36.91,-26.43,0.108,-0.088,26.73,26.73,-0.989,-0.03,-0.04,1,11,8.3,21.1,PRICE_POINTS_ONLY
S2_O0.5_C100_SL20_FT1210_B3.0_W120_STRI,OK,0,301,6,295,2.0,1216,3.98,37.5,-26.9,0.106,-0.089,27.2,27.2,-0.989,-0.03,-0.04,1,11,8.3,21.2,PRICE_POINTS_ONLY
S2_O0.5_C100_SL20_FT1510_B3.0_W120_STRI,OK,0,301,6,295,2.0,1208,4.0,37.88,-27.29,0.106,-0.091,27.59,27.59,-0.989,-0.03,-0.04,1,11,8.3,20.9,PRICE_POINTS_ONLY
S2_O0.5_CNC_SLE_FTOFF_B-_W-_STRI,OK,0,200,13,187,6.5,770,8.15,27.63,-15.41,0.295,-0.077,15.81,15.81,-0.975,-0.02,-0.03,3,9,25.0,14.0,PRICE_POINTS_ONLY
S2_O0.5_CNC_SLE_FT1010_B3.0_W120_STRI,OK,0,299,6,293,2.0,1220,4.0,36.91,-26.43,0.108,-0.088,26.73,26.73,-0.989,-0.03,-0.04,1,11,8.3,21.1,PRICE_POINTS_ONLY
S2_O0.5_CNC_SLE_FT1210_B3.0_W120_STRI,OK,0,301,6,295,2.0,1216,3.98,37.5,-26.9,0.106,-0.089,27.2,27.2,-0.989,-0.03,-0.04,1,11,8.3,21.2,PRICE_POINTS_ONLY
S2_O0.5_CNC_SLE_FT1510_B3.0_W120_STRI,OK,0,301,6,295,2.0,1208,4.0,37.88,-27.29,0.106,-0.091,27.59,27.59,-0.989,-0.03,-0.04,1,11,8.3,20.9,PRICE_POINTS_ONLY
S2_O0.5_CNC_SL10_FTOFF_B-_W-_STRI,OK,0,200,13,187,6.5,770,8.2,27.49,-15.21,0.298,-0.076,15.6,15.6,-0.975,-0.02,-0.03,3,9,25.0,14.0,PRICE_POINTS_ONLY
S2_O0.5_CNC_SL10_FT1010_B3.0_W120_STRI,OK,0,299,6,293,2.0,1220,4.0,36.54,-26.11,0.109,-0.087,26.4,26.4,-0.989,-0.03,-0.04,1,11,8.3,21.1,PRICE_POINTS_ONLY
S2_O0.5_CNC_SL10_FT1210_B3.0_W120_STRI,OK,0,301,6,295,2.0,1216,3.98,37.29,-26.68,0.107,-0.089,26.98,26.98,-0.989,-0.03,-0.04,1,11,8.3,21.2,PRICE_POINTS_ONLY
S2_O0.5_CNC_SL10_FT1510_B3.0_W120_STRI,OK,0,301,6,295,2.0,1208,4.0,37.68,-27.07,0.106,-0.09,27.37,27.37,-0.989,-0.03,-0.04,1,11,8.3,20.9,PRICE_POINTS_ONLY
S2_O0.5_CNC_SL20_FTOFF_B-_W-_STRI,OK,0,200,13,187,6.5,770,8.15,27.63,-15.41,0.295,-0.077,15.81,15.81,-0.975,-0.02,-0.03,3,9,25.0,14.0,PRICE_POINTS_ONLY
S2_O0.5_CNC_SL20_FT1010_B3.0_W120_STRI,OK,0,299,6,293,2.0,1220,4.0,36.91,-26.43,0.108,-0.088,26.73,26.73,-0.989,-0.03,-0.04,1,11,8.3,21.1,PRICE_POINTS_ONLY
S2_O0.5_CNC_SL20_FT1210_B3.0_W120_STRI,OK,0,301,6,295,2.0,1216,3.98,37.5,-26.9,0.106,-0.089,27.2,27.2,-0.989,-0.03,-0.04,1,11,8.3,21.2,PRICE_POINTS_ONLY
S2_O0.5_CNC_SL20_FT1510_B3.0_W120_STRI,OK,0,301,6,295,2.0,1208,4.0,37.88,-27.29,0.106,-0.091,27.59,27.59,-0.989,-0.03,-0.04,1,11,8.3,20.9,PRICE_POINTS_ONLY
S2_O1.0_CNC_SLE_FTOFF_B-_W-_STRI,OK,0,187,3,184,1.6,762,3.29,26.36,-15.59,0.125,-0.083,15.98,15.98,-0.975,-0.02,-0.03,3,9,25.0,13.9,PRICE_POINTS_ONLY
S2_O1.0_CNC_SLE_FT1010_B3.0_W120_STRI,OK,0,294,1,293,0.3,1220,1.28,36.4,-25.92,0.035,-0.088,26.22,26.22,-0.989,-0.03,-0.04,1,11,8.3,20.9,PRICE_POINTS_ONLY
S2_O1.0_CNC_SLE_FT1210_B3.0_W120_STRI,OK,0,296,1,295,0.3,1216,1.28,37.03,-26.36,0.035,-0.089,26.66,26.66,-0.989,-0.03,-0.04,1,11,8.3,21.0,PRICE_POINTS_ONLY
S2_O1.0_CNC_SLE_FT1510_B3.0_W120_STRI,OK,0,296,1,295,0.3,1208,1.28,37.43,-26.73,0.034,-0.09,27.03,27.03,-0.989,-0.03,-0.04,1,11,8.3,20.6,PRICE_POINTS_ONLY
S2_O1.0_CNC_SL10_FTOFF_B-_W-_STRI,OK,0,187,3,184,1.6,762,3.29,26.25,-15.39,0.125,-0.082,15.78,15.78,-0.975,-0.02,-0.03,3,9,25.0,13.9,PRICE_POINTS_ONLY
S2_O1.0_CNC_SL10_FT1010_B3.0_W120_STRI,OK,0,294,1,293,0.3,1220,1.28,36.03,-25.58,0.035,-0.087,25.88,25.88,-0.988,-0.03,-0.04,1,11,8.3,20.9,PRICE_POINTS_ONLY
S2_O1.0_CNC_SL10_FT1210_B3.0_W120_STRI,OK,0,296,1,295,0.3,1216,1.28,36.83,-26.12,0.035,-0.088,26.42,26.42,-0.989,-0.03,-0.04,1,11,8.3,21.0,PRICE_POINTS_ONLY
S2_O1.0_CNC_SL10_FT1510_B3.0_W120_STRI,OK,0,296,1,295,0.3,1208,1.28,37.23,-26.48,0.034,-0.089,26.78,26.78,-0.989,-0.03,-0.04,1,11,8.3,20.6,PRICE_POINTS_ONLY
S2_O1.0_CNC_SL20_FTOFF_B-_W-_STRI,OK,0,187,3,184,1.6,762,3.29,26.36,-15.59,0.125,-0.083,15.98,15.98,-0.975,-0.02,-0.03,3,9,25.0,13.9,PRICE_POINTS_ONLY
S2_O1.0_CNC_SL20_FT1010_B3.0_W120_STRI,OK,0,294,1,293,0.3,1220,1.28,36.4,-25.92,0.035,-0.088,26.22,26.22,-0.989,-0.03,-0.04,1,11,8.3,20.9,PRICE_POINTS_ONLY
S2_O1.0_CNC_SL20_FT1210_B3.0_W120_STRI,OK,0,296,1,295,0.3,1216,1.28,37.03,-26.36,0.035,-0.089,26.66,26.66,-0.989,-0.03,-0.04,1,11,8.3,21.0,PRICE_POINTS_ONLY
S2_O1.0_CNC_SL20_FT1510_B3.0_W120_STRI,OK,0,296,1,295,0.3,1208,1.28,37.43,-26.73,0.034,-0.09,27.03,27.03,-0.989,-0.03,-0.04,1,11,8.3,20.6,PRICE_POINTS_ONLY
S2_O2.0_CNC_SLE_FTOFF_B-_W-_STRI,OK,0,186,1,185,0.5,764,2.09,26.71,-15.74,0.078,-0.085,16.13,16.13,-0.976,-0.02,-0.03,3,9,25.0,14.0,PRICE_POINTS_ONLY
S2_O2.0_CNC_SLE_FT1010_B3.0_W120_STRI,OK,0,293,0,293,0.0,1221,0.0,36.4,-25.71,0.0,-0.088,26.01,26.01,-0.988,-0.03,-0.03,1,11,8.3,20.9,PRICE_POINTS_ONLY
S2_O2.0_CNC_SLE_FT1210_B3.0_W120_STRI,OK,0,295,0,295,0.0,1217,0.0,37.03,-26.14,0.0,-0.089,26.44,26.44,-0.989,-0.03,-0.03,1,11,8.3,21.0,PRICE_POINTS_ONLY
S2_O2.0_CNC_SLE_FT1510_B3.0_W120_STRI,OK,0,295,0,295,0.0,1209,0.0,37.43,-26.52,0.0,-0.09,26.81,26.81,-0.989,-0.03,-0.03,1,11,8.3,20.6,PRICE_POINTS_ONLY
S2_O2.0_CNC_SL10_FTOFF_B-_W-_STRI,OK,0,186,1,185,0.5,764,2.09,26.59,-15.54,0.079,-0.084,15.93,15.93,-0.975,-0.02,-0.03,3,9,25.0,14.0,PRICE_POINTS_ONLY
S2_O2.0_CNC_SL10_FT1010_B3.0_W120_STRI,OK,0,293,0,293,0.0,1221,0.0,36.03,-25.37,0.0,-0.087,25.67,25.67,-0.988,-0.03,-0.04,1,11,8.3,20.9,PRICE_POINTS_ONLY
S2_O2.0_CNC_SL10_FT1210_B3.0_W120_STRI,OK,0,295,0,295,0.0,1217,0.0,36.83,-25.9,0.0,-0.088,26.2,26.2,-0.989,-0.03,-0.03,1,11,8.3,21.0,PRICE_POINTS_ONLY
S2_O2.0_CNC_SL10_FT1510_B3.0_W120_STRI,OK,0,295,0,295,0.0,1209,0.0,37.23,-26.27,0.0,-0.089,26.57,26.57,-0.989,-0.03,-0.03,1,11,8.3,20.6,PRICE_POINTS_ONLY
S2_O2.0_CNC_SL20_FTOFF_B-_W-_STRI,OK,0,186,1,185,0.5,764,2.09,26.71,-15.74,0.078,-0.085,16.13,16.13,-0.976,-0.02,-0.03,3,9,25.0,14.0,PRICE_POINTS_ONLY
S2_O2.0_CNC_SL20_FT1010_B3.0_W120_STRI,OK,0,293,0,293,0.0,1221,0.0,36.4,-25.71,0.0,-0.088,26.01,26.01,-0.988,-0.03,-0.03,1,11,8.3,20.9,PRICE_POINTS_ONLY
S2_O2.0_CNC_SL20_FT1210_B3.0_W120_STRI,OK,0,295,0,295,0.0,1217,0.0,37.03,-26.14,0.0,-0.089,26.44,26.44,-0.989,-0.03,-0.03,1,11,8.3,21.0,PRICE_POINTS_ONLY
S2_O2.0_CNC_SL20_FT1510_B3.0_W120_STRI,OK,0,295,0,295,0.0,1209,0.0,37.43,-26.52,0.0,-0.09,26.81,26.81,-0.989,-0.03,-0.03,1,11,8.3,20.6,PRICE_POINTS_ONLY
S4_O0.5_C100_SLE_FTOFF_B-_W-_STRI,OK,0,71,12,58,16.9,698,7.5,35.77,-28.54,0.21,-0.402,29.04,29.04,-0.983,-0.02,-0.02,1,11,8.3,12.3,PRICE_POINTS_ONLY
S4_O0.5_C100_SLE_FT1010_B3.0_W120_STRI,OK,0,82,11,70,13.4,1016,7.54,41.38,-39.47,0.182,-0.481,39.76,39.76,-0.992,-0.02,-0.03,1,11,8.3,19.0,PRICE_POINTS_ONLY
S4_O0.5_C100_SLE_FT1210_B3.0_W120_STRI,OK,0,82,11,70,13.4,1014,7.31,42.01,-40.37,0.174,-0.492,40.67,40.67,-0.993,-0.02,-0.03,1,11,8.3,19.0,PRICE_POINTS_ONLY
S4_O0.5_C100_SLE_FT1510_B3.0_W120_STRI,OK,0,82,11,70,13.4,1018,7.33,41.66,-40.71,0.176,-0.496,41.01,41.01,-0.993,-0.02,-0.03,1,11,8.3,19.1,PRICE_POINTS_ONLY
S4_O0.5_C100_SL10_FTOFF_B-_W-_STRI,OK,0,70,12,57,17.1,691,7.35,34.54,-27.46,0.213,-0.392,27.95,27.95,-0.982,-0.02,-0.02,1,11,8.3,12.4,PRICE_POINTS_ONLY
S4_O0.5_C100_SL10_FT1010_B3.0_W120_STRI,OK,0,80,10,69,12.5,1008,6.76,40.67,-39.22,0.166,-0.49,39.52,39.52,-0.992,-0.02,-0.03,1,11,8.3,19.1,PRICE_POINTS_ONLY
S4_O0.5_C100_SL10_FT1210_B3.0_W120_STRI,OK,0,82,11,70,13.4,1014,7.35,41.73,-40.05,0.176,-0.488,40.35,40.35,-0.993,-0.02,-0.03,1,11,8.3,19.0,PRICE_POINTS_ONLY
S4_O0.5_C100_SL10_FT1510_B3.0_W120_STRI,OK,0,82,11,70,13.4,1018,7.37,41.38,-40.39,0.178,-0.493,40.69,40.69,-0.993,-0.02,-0.03,1,11,8.3,19.1,PRICE_POINTS_ONLY
S4_O0.5_C100_SL20_FTOFF_B-_W-_STRI,OK,0,71,12,58,16.9,698,7.5,35.77,-28.54,0.21,-0.402,29.04,29.04,-0.983,-0.02,-0.02,1,11,8.3,12.3,PRICE_POINTS_ONLY
S4_O0.5_C100_SL20_FT1010_B3.0_W120_STRI,OK,0,82,11,70,13.4,1016,7.54,41.38,-39.47,0.182,-0.481,39.76,39.76,-0.992,-0.02,-0.03,1,11,8.3,19.0,PRICE_POINTS_ONLY
S4_O0.5_C100_SL20_FT1210_B3.0_W120_STRI,OK,0,82,11,70,13.4,1014,7.31,42.01,-40.37,0.174,-0.492,40.67,40.67,-0.993,-0.02,-0.03,1,11,8.3,19.0,PRICE_POINTS_ONLY
S4_O0.5_C100_SL20_FT1510_B3.0_W120_STRI,OK,0,82,11,70,13.4,1018,7.33,41.66,-40.71,0.176,-0.496,41.01,41.01,-0.993,-0.02,-0.03,1,11,8.3,19.1,PRICE_POINTS_ONLY
S4_O0.5_CNC_SLE_FTOFF_B-_W-_STRI,OK,0,71,12,58,16.9,698,7.5,35.77,-28.54,0.21,-0.402,29.04,29.04,-0.983,-0.02,-0.02,1,11,8.3,12.3,PRICE_POINTS_ONLY
S4_O0.5_CNC_SLE_FT1010_B3.0_W120_STRI,OK,0,82,11,70,13.4,1016,7.54,41.38,-39.47,0.182,-0.481,39.76,39.76,-0.992,-0.02,-0.03,1,11,8.3,19.0,PRICE_POINTS_ONLY
S4_O0.5_CNC_SLE_FT1210_B3.0_W120_STRI,OK,0,82,11,70,13.4,1014,7.31,42.01,-40.37,0.174,-0.492,40.67,40.67,-0.993,-0.02,-0.03,1,11,8.3,19.0,PRICE_POINTS_ONLY
S4_O0.5_CNC_SLE_FT1510_B3.0_W120_STRI,OK,0,82,11,70,13.4,1018,7.33,41.66,-40.71,0.176,-0.496,41.01,41.01,-0.993,-0.02,-0.03,1,11,8.3,19.1,PRICE_POINTS_ONLY
S4_O0.5_CNC_SL10_FTOFF_B-_W-_STRI,OK,0,70,12,57,17.1,691,7.35,34.54,-27.46,0.213,-0.392,27.95,27.95,-0.982,-0.02,-0.02,1,11,8.3,12.4,PRICE_POINTS_ONLY
S4_O0.5_CNC_SL10_FT1010_B3.0_W120_STRI,OK,0,80,10,69,12.5,1008,6.76,40.67,-39.22,0.166,-0.49,39.52,39.52,-0.992,-0.02,-0.03,1,11,8.3,19.1,PRICE_POINTS_ONLY
S4_O0.5_CNC_SL10_FT1210_B3.0_W120_STRI,OK,0,82,11,70,13.4,1014,7.35,41.73,-40.05,0.176,-0.488,40.35,40.35,-0.993,-0.02,-0.03,1,11,8.3,19.0,PRICE_POINTS_ONLY
S4_O0.5_CNC_SL10_FT1510_B3.0_W120_STRI,OK,0,82,11,70,13.4,1018,7.37,41.38,-40.39,0.178,-0.493,40.69,40.69,-0.993,-0.02,-0.03,1,11,8.3,19.1,PRICE_POINTS_ONLY
S4_O0.5_CNC_SL20_FTOFF_B-_W-_STRI,OK,0,71,12,58,16.9,698,7.5,35.77,-28.54,0.21,-0.402,29.04,29.04,-0.983,-0.02,-0.02,1,11,8.3,12.3,PRICE_POINTS_ONLY
S4_O0.5_CNC_SL20_FT1010_B3.0_W120_STRI,OK,0,82,11,70,13.4,1016,7.54,41.38,-39.47,0.182,-0.481,39.76,39.76,-0.992,-0.02,-0.03,1,11,8.3,19.0,PRICE_POINTS_ONLY
S4_O0.5_CNC_SL20_FT1210_B3.0_W120_STRI,OK,0,82,11,70,13.4,1014,7.31,42.01,-40.37,0.174,-0.492,40.67,40.67,-0.993,-0.02,-0.03,1,11,8.3,19.0,PRICE_POINTS_ONLY
S4_O0.5_CNC_SL20_FT1510_B3.0_W120_STRI,OK,0,82,11,70,13.4,1018,7.33,41.66,-40.71,0.176,-0.496,41.01,41.01,-0.993,-0.02,-0.03,1,11,8.3,19.1,PRICE_POINTS_ONLY
S4_O1.0_CNC_SLE_FTOFF_B-_W-_STRI,OK,0,62,2,59,3.2,696,2.38,35.29,-32.22,0.067,-0.52,32.72,32.72,-0.985,-0.02,-0.02,1,11,8.3,12.1,PRICE_POINTS_ONLY
S4_O1.0_CNC_SLE_FT1010_B3.0_W120_STRI,OK,0,73,3,69,4.1,1007,3.84,40.19,-39.21,0.096,-0.537,39.51,39.51,-0.992,-0.02,-0.02,1,11,8.3,19.1,PRICE_POINTS_ONLY
S4_O1.0_CNC_SLE_FT1210_B3.0_W120_STRI,OK,0,73,3,69,4.1,1006,3.84,41.12,-40.07,0.093,-0.549,40.37,40.37,-0.993,-0.02,-0.02,1,11,8.3,19.1,PRICE_POINTS_ONLY
S4_O1.0_CNC_SLE_FT1510_B3.0_W120_STRI,OK,0,73,3,69,4.1,1006,3.84,41.21,-40.2,0.093,-0.551,40.5,40.5,-0.993,-0.02,-0.03,1,11,8.3,19.1,PRICE_POINTS_ONLY
S4_O1.0_CNC_SL10_FTOFF_B-_W-_STRI,OK,0,62,2,59,3.2,696,2.38,33.33,-30.21,0.071,-0.487,30.7,30.7,-0.984,-0.02,-0.03,1,11,8.3,12.1,PRICE_POINTS_ONLY
S4_O1.0_CNC_SL10_FT1010_B3.0_W120_STRI,OK,0,73,3,69,4.1,1007,3.84,38.78,-37.8,0.099,-0.518,38.1,38.1,-0.992,-0.02,-0.03,1,11,8.3,19.1,PRICE_POINTS_ONLY
S4_O1.0_CNC_SL10_FT1210_B3.0_W120_STRI,OK,0,73,3,69,4.1,1006,3.84,39.81,-38.75,0.097,-0.531,39.05,39.05,-0.992,-0.02,-0.03,1,11,8.3,19.1,PRICE_POINTS_ONLY
S4_O1.0_CNC_SL10_FT1510_B3.0_W120_STRI,OK,0,73,3,69,4.1,1006,3.84,39.89,-38.87,0.096,-0.533,39.17,39.17,-0.992,-0.02,-0.03,1,11,8.3,19.1,PRICE_POINTS_ONLY
S4_O1.0_CNC_SL20_FTOFF_B-_W-_STRI,OK,0,62,2,59,3.2,696,2.38,34.3,-31.23,0.069,-0.504,31.72,31.72,-0.984,-0.02,-0.02,1,11,8.3,12.1,PRICE_POINTS_ONLY
S4_O1.0_CNC_SL20_FT1010_B3.0_W120_STRI,OK,0,73,3,69,4.1,1007,3.84,39.44,-38.47,0.097,-0.527,38.77,38.77,-0.992,-0.02,-0.03,1,11,8.3,19.1,PRICE_POINTS_ONLY
S4_O1.0_CNC_SL20_FT1210_B3.0_W120_STRI,OK,0,73,3,69,4.1,1006,3.84,40.38,-39.33,0.095,-0.539,39.63,39.63,-0.992,-0.02,-0.03,1,11,8.3,19.1,PRICE_POINTS_ONLY
S4_O1.0_CNC_SL20_FT1510_B3.0_W120_STRI,OK,0,73,3,69,4.1,1006,3.84,40.47,-39.45,0.095,-0.54,39.75,39.75,-0.992,-0.02,-0.03,1,11,8.3,19.1,PRICE_POINTS_ONLY
S4_O2.0_CNC_SLE_FTOFF_B-_W-_STRI,OK,0,60,0,59,0.0,684,0.0,34.76,-32.45,0.0,-0.541,32.94,32.94,-0.985,-0.02,-0.02,1,11,8.3,12.1,PRICE_POINTS_ONLY
S4_O2.0_CNC_SLE_FT1010_B3.0_W120_STRI,OK,0,72,1,70,1.4,1010,2.25,40.76,-40.05,0.055,-0.556,40.34,40.34,-0.993,-0.02,-0.02,1,11,8.3,18.9,PRICE_POINTS_ONLY
S4_O2.0_CNC_SLE_FT1210_B3.0_W120_STRI,OK,0,72,1,70,1.4,1009,2.25,41.73,-40.95,0.054,-0.569,41.25,41.25,-0.993,-0.02,-0.02,1,11,8.3,18.9,PRICE_POINTS_ONLY
S4_O2.0_CNC_SLE_FT1510_B3.0_W120_STRI,OK,0,72,1,70,1.4,1009,2.25,41.88,-41.13,0.054,-0.571,41.43,41.43,-0.993,-0.02,-0.02,1,11,8.3,18.9,PRICE_POINTS_ONLY
S4_O2.0_CNC_SL10_FTOFF_B-_W-_STRI,OK,0,60,0,59,0.0,684,0.0,32.9,-30.53,0.0,-0.509,31.02,31.02,-0.984,-0.02,-0.03,1,11,8.3,12.1,PRICE_POINTS_ONLY
S4_O2.0_CNC_SL10_FT1010_B3.0_W120_STRI,OK,0,72,1,70,1.4,1010,2.25,39.33,-38.61,0.057,-0.536,38.91,38.91,-0.992,-0.02,-0.02,1,11,8.3,18.9,PRICE_POINTS_ONLY
S4_O2.0_CNC_SL10_FT1210_B3.0_W120_STRI,OK,0,72,1,70,1.4,1009,2.25,40.39,-39.6,0.056,-0.55,39.9,39.9,-0.992,-0.02,-0.02,1,11,8.3,18.9,PRICE_POINTS_ONLY
S4_O2.0_CNC_SL10_FT1510_B3.0_W120_STRI,OK,0,72,1,70,1.4,1009,2.25,40.54,-39.79,0.056,-0.553,40.09,40.09,-0.993,-0.02,-0.02,1,11,8.3,18.9,PRICE_POINTS_ONLY
S4_O2.0_CNC_SL20_FTOFF_B-_W-_STRI,OK,0,60,0,59,0.0,684,0.0,33.77,-31.46,0.0,-0.524,31.95,31.95,-0.985,-0.02,-0.02,1,11,8.3,12.1,PRICE_POINTS_ONLY
S4_O2.0_CNC_SL20_FT1010_B3.0_W120_STRI,OK,0,72,1,70,1.4,1010,2.25,40.01,-39.3,0.056,-0.546,39.6,39.6,-0.992,-0.02,-0.02,1,11,8.3,18.9,PRICE_POINTS_ONLY
S4_O2.0_CNC_SL20_FT1210_B3.0_W120_STRI,OK,0,72,1,70,1.4,1009,2.25,40.99,-40.2,0.055,-0.558,40.5,40.5,-0.993,-0.02,-0.02,1,11,8.3,18.9,PRICE_POINTS_ONLY
S4_O2.0_CNC_SL20_FT1510_B3.0_W120_STRI,OK,0,72,1,70,1.4,1009,2.25,41.14,-40.38,0.055,-0.561,40.68,40.68,-0.993,-0.02,-0.02,1,11,8.3,18.9,PRICE_POINTS_ONLY
