timestamp;pattern;event;dir;trigger;A_grande;sl;tp;risk;reward;ZVL;RER;IRPL
2024-01-01 23:01:00;1;ARM;-1;16827.399;1.7599999999983993;16832.399;16825.639000000003;5.0;1.7599999999983993;0;0;0
2024-01-01 23:02:00;2;ARM;1;16829.159;1.5299999999988358;16824.159;16830.689;5.0;1.5299999999988358;0;0;0
2024-01-01 23:03:00;3;ARM;-1;16827.629;3.040000000000873;16832.629;16824.589;5.0;3.040000000000873;0;0;0
2024-01-01 23:04:00;4;ARM;1;16830.669;2.960000000002765;16825.669;16833.629000000004;5.0;2.960000000002765;0;0;0
2024-01-01 23:05:00;5;ARM;-1;16827.709;3.5900000000001455;16832.709;16824.119;5.0;3.5900000000001455;0;0;0
2024-01-01 23:06:00;6;ARM;1;16831.299;3.029999999998836;16826.299;16834.328999999998;5.0;3.029999999998836;0;0;0
2024-01-01 23:07:00;7;ARM;-1;16828.269;6.4099999999998545;16834.679;16821.859;6.4099999999998545;6.4099999999998545;0;0;0
2024-01-01 23:08:00;8;ARM;1;16834.679;3.3300000000017462;16829.679;16838.009000000002;5.0;3.3300000000017462;0;0;0
2024-01-01 23:09:00;9;ARM;-1;16831.349;4.480000000003201;16836.349;16826.868999999995;5.0;4.480000000003201;0;0;0
2024-01-01 23:10:00;10;ARM;1;16835.829;1.9800000000032014;16830.829;16837.809000000005;5.0;1.9800000000032014;0;0;0
2024-01-01 23:11:00;11;ARM;1;16836.589;1.4000000000014552;16831.589;16837.989;5.0;1.4000000000014552;0;0;0
2024-01-01 23:12:00;12;ARM;1;16838.709;3.5099999999983993;16833.709;16842.218999999997;5.0;3.5099999999983993;0;0;0
2024-01-01 23:13:00;13;ARM;-1;16835.199;0.9599999999991269;16840.199;16834.239;5.0;0.9599999999991269;0;0;0
2024-01-01 23:14:00;14;ARM;1;16836.159;1.0400000000008731;16831.159;16837.199;5.0;1.0400000000008731;0;0;0
2024-01-01 23:15:00;15;ARM;1;16837.729;0.31999999999970896;16832.729;16838.049;5.0;0.31999999999970896;0;0;0
2024-01-01 23:16:00;16;ARM;1;16840.809;2.430000000000291;16835.809;16843.239;5.0;2.430000000000291;0;0;0
2024-01-01 23:17:00;17;ARM;-1;16838.379;3.8099999999976717;16843.379;16834.569000000003;5.0;3.8099999999976717;0;0;0
2024-01-01 23:18:00;18;ARM;1;16842.189;1.3799999999973807;16837.189;16843.568999999996;5.0;1.3799999999973807;0;0;0
2024-01-01 23:19:00;19;ARM;-1;16840.809;0.6100000000005821;16845.809;16840.199;5.0;0.6100000000005821;0;0;0
2024-01-01 23:20:00;20;ARM;-1;16840.509;0.8100000000013097;16845.509;16839.698999999997;5.0;0.8100000000013097;0;0;0
2024-01-01 23:21:00;21;ARM;-1;16838.979;3.110000000000582;16843.979;16835.869;5.0;3.110000000000582;0;0;0
2024-01-01 23:22:00;22;ARM;1;16842.089;0.9199999999982538;16837.089;16843.009;5.0;0.9199999999982538;0;0;0
2024-01-01 23:23:00;23;ARM;1;16842.249;0.38000000000101863;16837.249;16842.629;5.0;0.38000000000101863;0;0;0
2024-01-01 23:24:00;24;ARM;1;16844.399;1.2700000000004366;16839.399;16845.669;5.0;1.2700000000004366;0;0;0
2024-01-01 23:25:00;25;ARM;1;16844.649;0.3400000000001455;16839.649;16844.989;5.0;0.3400000000001455;0;0;0
2024-01-01 23:26:00;26;ARM;1;16848.909;2.069999999999709;16843.909;16850.979;5.0;2.069999999999709;0;0;0
2024-01-01 23:27:00;27;ARM;-1;16846.839;1.3499999999985448;16851.839;16845.489;5.0;1.3499999999985448;0;0;0
2024-01-01 23:28:00;28;ARM;-1;16846.319;0.38000000000101863;16851.319;16845.939;5.0;0.38000000000101863;0;0;0
2024-01-01 23:29:00;29;ARM;-1;16844.419;1.4899999999979627;16849.419;16842.929000000004;5.0;1.4899999999979627;0;0;0
2024-01-01 23:30:00;30;ARM;1;16845.909;1.6300000000010186;16840.909;16847.539;5.0;1.6300000000010186;0;0;0
2024-01-01 23:31:00;31;ARM;1;16846.489;1.25;16841.489;16847.739;5.0;1.25;0;0;0
2024-01-01 23:32:00;32;ARM;1;16847.389;1.0999999999985448;16842.389;16848.488999999998;5.0;1.0999999999985448;0;0;0
2024-01-01 23:33:00;33;ARM;1;16847.419;1.610000000000582;16842.419;16849.029000000002;5.0;1.610000000000582;0;0;0
2024-01-01 23:34:00;34;ARM;1;16846.859;3.2400000000016007;16841.859;16850.099000000002;5.0;3.2400000000016007;0;0;0
2024-01-01 23:35:00;35;ARM;-1;16843.619;0.6900000000023283;16848.619;16842.928999999996;5.0;0.6900000000023283;0;0;0
2024-01-01 23:36:00;36;ARM;-1;16842.419;1.2199999999975262;16847.419;16841.199000000004;5.0;1.2199999999975262;0;0;0
2024-01-01 23:37:00;37;ARM;1;16843.639;1.5200000000004366;16838.639;16845.159;5.0;1.5200000000004366;0;0;0
2024-01-01 23:38:00;38;ARM;-1;16842.119;1.9799999999995634;16847.119;16840.139;5.0;1.9799999999995634;0;0;0
2024-01-01 23:39:00;39;ARM;1;16844.099;0.11999999999898137;16839.099;16844.218999999997;5.0;0.11999999999898137;0;0;0
2024-01-01 23:40:00;40;ARM;1;16844.899;1.1700000000018917;16839.899;16846.069000000003;5.0;1.1700000000018917;0;0;0
2024-01-01 23:41:00;41;ARM;1;16844.969;2.6200000000026193;16839.969;16847.589000000004;5.0;2.6200000000026193;0;0;0
2024-01-01 23:42:00;42;ARM;-1;16842.349;1.25;16847.349;16841.099;5.0;1.25;0;0;0
2024-01-01 23:43:00;43;ARM;-1;16841.109;1.1699999999982538;16846.109;16839.939000000002;5.0;1.1699999999982538;0;0;0
2024-01-01 23:44:00;44;ARM;1;16842.279;2.779999999998836;16837.279;16845.058999999997;5.0;2.779999999998836;0;0;0
2024-01-01 23:45:00;45;ARM;-1;16839.499;1.3800000000010186;16844.499;16838.119;5.0;1.3800000000010186;0;0;0
2024-01-01 23:46:00;46;ARM;1;16840.879;0.9500000000007276;16835.879;16841.829;5.0;0.9500000000007276;0;0;0
2024-01-01 23:47:00;47;ARM;1;16840.939;0.27999999999883585;16835.939;16841.218999999997;5.0;0.27999999999883585;0;0;0
2024-01-01 23:48:00;48;ARM;1;16841.189;1.5;16836.189;16842.689;5.0;1.5;0;0;0
2024-01-01 23:49:00;49;ARM;-1;16839.689;1.569999999999709;16844.689;16838.119;5.0;1.569999999999709;0;0;0
2024-01-01 23:50:00;50;ARM;1;16841.259;0.8999999999978172;16836.259;16842.158999999996;5.0;0.8999999999978172;0;0;0
2024-01-01 23:51:00;51;ARM;1;16841.599;1.9899999999979627;16836.599;16843.588999999996;5.0;1.9899999999979627;0;0;0
2024-01-01 23:52:00;52;ARM;-1;16839.609;2.029999999998836;16844.609;16837.579;5.0;2.029999999998836;0;0;0
2024-01-01 23:53:00;53;ARM;1;16841.639;0.020000000000436557;16836.639;16841.659;5.0;0.020000000000436557;0;0;0
2024-01-01 23:54:00;54;ARM;1;16842.729;0.8299999999981083;16837.729;16843.558999999997;5.0;0.8299999999981083;0;0;0
2024-01-01 23:55:00;55;ARM;-1;16841.899;0.6999999999970896;16846.899;16841.199000000004;5.0;0.6999999999970896;0;0;0
2024-01-01 23:56:00;56;ARM;-1;16842.109;0.38000000000101863;16847.109;16841.729;5.0;0.38000000000101863;0;0;0
2024-01-01 23:57:00;57;ARM;-1;16841.829;0.6699999999982538;16846.829;16841.159000000003;5.0;0.6699999999982538;0;0;0
2024-01-01 23:58:00;58;ARM;-1;16841.329;0.32999999999810825;16846.329;16840.999000000003;5.0;0.32999999999810825;0;0;0
2024-01-01 23:59:00;59;ARM;1;16841.659;0.4399999999986903;16836.659;16842.099;5.0;0.4399999999986903;0;0;0
2024-01-02 00:00:00;60;ARM;1;16841.799;2.029999999998836;16836.799;16843.828999999998;5.0;2.029999999998836;0;0;0
2024-01-02 00:01:00;61;ARM;-1;16839.769;2.2299999999995634;16844.769;16837.539;5.0;2.2299999999995634;0;0;0
2024-01-02 00:02:00;62;ARM;-1;16839.609;0.8800000000010186;16844.609;16838.729;5.0;0.8800000000010186;0;0;0
2024-01-02 00:03:00;63;ARM;1;16840.489;0.27000000000043656;16835.489;16840.759000000002;5.0;0.27000000000043656;0;0;0
2024-01-02 00:04:00;64;ARM;1;16841.399;0.2900000000008731;16836.399;16841.689000000002;5.0;0.2900000000008731;0;0;0
2024-01-02 00:05:00;65;ARM;-1;16841.109;0.5900000000001455;16846.109;16840.519;5.0;0.5900000000001455;0;0;0
2024-01-02 00:06:00;66;ARM;-1;16840.119;0.5800000000017462;16845.119;16839.538999999997;5.0;0.5800000000017462;0;0;0
2024-01-02 00:08:00;67;ARM;1;16840.219;0.3100000000013097;16835.219;16840.529000000002;5.0;0.3100000000013097;0;0;0
2024-01-02 00:09:00;68;ARM;1;16840.709;0.569999999999709;16835.709;16841.279;5.0;0.569999999999709;0;0;0
2024-01-02 00:10:00;69;ARM;1;16841.309;1.0600000000013097;16836.309;16842.369000000002;5.0;1.0600000000013097;0;0;0
2024-01-02 00:11:00;70;ARM;-1;16840.249;0.3400000000001455;16845.249;16839.909;5.0;0.3400000000001455;0;0;0
2024-01-02 00:12:00;71;ARM;1;16840.589;1.2000000000007276;16835.589;16841.789;5.0;1.2000000000007276;0;0;0
2024-01-02 00:13:00;72;ARM;-1;16839.389;0.5;16844.389;16838.889;5.0;0.5;0;0;0
2024-01-02 00:14:00;73;ARM;-1;16838.629;1.4799999999995634;16843.629;16837.149;5.0;1.4799999999995634;0;0;0
2024-01-02 00:15:00;74;ARM;-1;16839.299;1.2099999999991269;16844.299;16838.089;5.0;1.2099999999991269;0;0;0
2024-01-02 00:16:00;75;ARM;1;16840.509;1.3699999999989814;16835.509;16841.878999999997;5.0;1.3699999999989814;0;0;0
2024-01-02 00:17:00;76;ARM;-1;16839.139;0.9599999999991269;16844.139;16838.179;5.0;0.9599999999991269;0;0;0
2024-01-02 00:18:00;77;ARM;-1;16838.769;0.6300000000010186;16843.769;16838.139;5.0;0.6300000000010186;0;0;0
2024-01-02 00:19:00;78;ARM;-1;16838.169;0.06999999999970896;16843.169;16838.099000000002;5.0;0.06999999999970896;0;0;0
2024-01-02 00:20:00;79;ARM;-1;16837.129;0.8699999999989814;16842.129;16836.259000000002;5.0;0.8699999999989814;0;0;0
2024-01-02 00:21:00;80;ARM;-1;16836.609;0.8899999999994179;16841.609;16835.719;5.0;0.8899999999994179;0;0;0
2024-01-02 00:22:00;81;ARM;-1;16836.329;1.0900000000001455;16841.329;16835.239;5.0;1.0900000000001455;0;0;0
2024-01-02 00:23:00;82;ARM;1;16837.419;1.6300000000010186;16832.419;16839.049000000003;5.0;1.6300000000010186;0;0;0
2024-01-02 00:24:00;83;ARM;-1;16835.789;1.5079999999979918;16840.789;16834.281000000003;5.0;1.5079999999979918;0;0;0
2024-01-02 00:25:00;84;ARM;1;16837.297;0.6279999999969732;16832.297;16837.924999999996;5.0;0.6279999999969732;0;0;0
2024-01-02 00:26:00;85;ARM;-1;16836.669;0.33999999999650754;16841.669;16836.329000000005;5.0;0.33999999999650754;0;0;0
2024-01-02 00:27:00;86;ARM;-1;16834.319;0.38000000000101863;16839.319;16833.939;5.0;0.38000000000101863;0;0;0
2024-01-02 00:28:00;87;ARM;-1;16832.619;0.7900000000008731;16837.619;16831.828999999998;5.0;0.7900000000008731;0;0;0
2024-01-02 00:29:00;88;ARM;-1;16832.219;0.4699999999975262;16837.219;16831.749000000003;5.0;0.4699999999975262;0;0;0
2024-01-02 00:30:00;89;ARM;-1;16830.619;1.1200000000026193;16835.619;16829.498999999996;5.0;1.1200000000026193;0;0;0
2024-01-02 00:31:00;90;ARM;-1;16830.479;1.2200000000011642;16835.479;16829.259;5.0;1.2200000000011642;0;0;0
2024-01-02 00:32:00;91;ARM;1;16831.699;0.5200000000004366;16826.699;16832.219;5.0;0.5200000000004366;0;0;0
2024-01-02 00:33:00;92;ARM;1;16831.749;0.32999999999810825;16826.749;16832.078999999998;5.0;0.32999999999810825;0;0;0
2024-01-02 00:34:00;93;ARM;1;16833.889;0.4599999999991269;16828.889;16834.349;5.0;0.4599999999991269;0;0;0
2024-01-02 00:35:00;94;ARM;1;16834.469;0.030000000002473826;16829.469;16834.499000000003;5.0;0.030000000002473826;0;0;0
2024-01-02 00:36:00;95;ARM;1;16836.499;0.36999999999898137;16831.499;16836.869;5.0;0.36999999999898137;0;0;0
2024-01-02 00:37:00;96;ARM;1;16836.989;0.5800000000017462;16831.989;16837.569000000003;5.0;0.5800000000017462;0;0;0
2024-01-02 00:38:00;97;ARM;1;16837.919;0.18000000000029104;16832.919;16838.099000000002;5.0;0.18000000000029104;0;0;0
2024-01-02 00:39:00;98;ARM;1;16839.179;1.2200000000011642;16834.179;16840.399;5.0;1.2200000000011642;0;0;0
2024-01-02 00:40:00;99;ARM;1;16839.299;0.5900000000001455;16834.299;16839.889;5.0;0.5900000000001455;0;0;0
2024-01-02 00:41:00;100;ARM;1;16839.389;3.779999999998836;16834.389;16843.168999999998;5.0;3.779999999998836;0;0;0
2024-01-02 00:42:00;101;ARM;-1;16835.609;0.8699999999989814;16840.609;16834.739;5.0;0.8699999999989814;0;0;0
2024-01-02 00:43:00;102;ARM;1;16836.479;0.3099999999976717;16831.479;16836.788999999997;5.0;0.3099999999976717;0;0;0
2024-01-02 00:44:00;103;ARM;1;16837.409;0.2599999999983993;16832.409;16837.668999999998;5.0;0.2599999999983993;0;0;0
2024-01-02 00:45:00;104;ARM;1;16838.199;1.4599999999991269;16833.199;16839.659;5.0;1.4599999999991269;0;0;0
2024-01-02 00:46:00;105;ARM;-1;16836.739;1.1299999999973807;16841.739;16835.609000000004;5.0;1.1299999999973807;0;0;0
2024-01-02 00:47:00;106;ARM;1;16837.869;1.1699999999982538;16832.869;16839.038999999997;5.0;1.1699999999982538;0;0;0
2024-01-02 00:48:00;107;ARM;-1;16836.699;0.7099999999991269;16841.699;16835.989;5.0;0.7099999999991269;0;0;0
2024-01-02 00:49:00;108;ARM;1;16837.409;0.9199999999982538;16832.409;16838.328999999998;5.0;0.9199999999982538;0;0;0
2024-01-02 00:50:00;109;ARM;1;16838.159;0.3100000000013097;16833.159;16838.469;5.0;0.3100000000013097;0;0;0
2024-01-02 00:51:00;110;ARM;1;16839.099;1.1699999999982538;16834.099;16840.268999999997;5.0;1.1699999999982538;0;0;0
2024-01-02 00:52:00;111;ARM;1;16838.769;0.15999999999985448;16833.769;16838.929;5.0;0.15999999999985448;0;0;0
2024-01-02 00:53:00;112;ARM;-1;16838.609;0.5999999999985448;16843.609;16838.009000000002;5.0;0.5999999999985448;0;0;0
2024-01-02 00:54:00;113;ARM;1;16839.209;1.2999999999992724;16834.209;16840.509;5.0;1.2999999999992724;0;0;0
2024-01-02 00:55:00;114;ARM;-1;16837.909;0.9799999999995634;16842.909;16836.929;5.0;0.9799999999995634;0;0;0
2024-01-02 00:56:00;115;ARM;1;16838.889;0.4699999999975262;16833.889;16839.358999999997;5.0;0.4699999999975262;0;0;0
2024-01-02 00:57:00;116;ARM;1;16839.359;1.4399999999986903;16834.359;16840.799;5.0;1.4399999999986903;0;0;0
2024-01-02 00:58:00;117;ARM;-1;16837.919;0.7799999999988358;16842.919;16837.139000000003;5.0;0.7799999999988358;0;0;0
2024-01-02 00:59:00;118;ARM;1;16838.699;0.9700000000011642;16833.699;16839.669;5.0;0.9700000000011642;0;0;0
2024-01-02 01:00:00;119;ARM;1;16839.019;0.6899999999986903;16834.019;16839.709;5.0;0.6899999999986903;0;0;0
2024-01-02 01:01:00;120;ARM;-1;16838.329;3.0199999999967986;16843.329;16835.309000000005;5.0;3.0199999999967986;0;0;0
2024-01-02 01:02:00;121;ARM;1;16841.349;0.42999999999665306;16836.349;16841.778999999995;5.0;0.42999999999665306;0;0;0
2024-01-02 01:03:00;122;ARM;1;16843.719;0.3400000000001455;16838.719;16844.059;5.0;0.3400000000001455;0;0;0
2024-01-02 01:04:00;123;ARM;1;16844.869;0.5499999999992724;16839.869;16845.418999999998;5.0;0.5499999999992724;0;0;0
2024-01-02 01:05:00;124;ARM;1;16848.899;1.9799999999995634;16843.899;16850.879;5.0;1.9799999999995634;0;0;0
2024-01-02 01:06:00;125;ARM;1;16850.209;1.2899999999972351;16845.209;16851.498999999996;5.0;1.2899999999972351;0;0;0
2024-01-02 01:07:00;126;ARM;-1;16848.919;0.7799999999988358;16853.919;16848.139000000003;5.0;0.7799999999988358;0;0;0
2024-01-02 01:08:00;127;ARM;-1;16847.969;0.5299999999988358;16852.969;16847.439000000002;5.0;0.5299999999988358;0;0;0
2024-01-02 01:09:00;128;ARM;-1;16845.629;0.27999999999883585;16850.629;16845.349000000002;5.0;0.27999999999883585;0;0;0
2024-01-02 01:10:00;129;ARM;-1;16844.189;1.0100000000020373;16849.189;16843.178999999996;5.0;1.0100000000020373;0;0;0
2024-01-02 01:11:00;130;ARM;1;16845.199;2.040000000000873;16840.199;16847.239;5.0;2.040000000000873;0;0;0
2024-01-02 01:12:00;131;ARM;-1;16843.159;1.2400000000016007;16848.159;16841.918999999998;5.0;1.2400000000016007;0;0;0
2024-01-02 01:13:00;132;ARM;-1;16842.629;1.5799999999981083;16847.629;16841.049000000003;5.0;1.5799999999981083;0;0;0
2024-01-02 01:14:00;133;ARM;-1;16841.439;1.3700000000026193;16846.439;16840.068999999996;5.0;1.3700000000026193;0;0;0
2024-01-02 01:15:00;134;ARM;-1;16840.829;4.009999999998399;16845.829;16836.819000000003;5.0;4.009999999998399;0;0;0
2024-01-02 01:16:00;135;ARM;1;16844.839;0.5;16839.839;16845.339;5.0;0.5;0;0;0
2024-01-02 01:17:00;136;ARM;1;16846.799;1.1899999999986903;16841.799;16847.988999999998;5.0;1.1899999999986903;0;0;0
2024-01-02 01:18:00;137;ARM;1;16846.779;0.930000000000291;16841.779;16847.709;5.0;0.930000000000291;0;0;0
2024-01-02 01:19:00;138;ARM;1;16847.269;0.8300000000017462;16842.269;16848.099000000002;5.0;0.8300000000017462;0;0;0
2024-01-02 01:20:00;139;ARM;1;16847.689;3.2599999999983993;16842.689;16850.948999999997;5.0;3.2599999999983993;0;0;0
2024-01-02 01:21:00;140;ARM;-1;16844.429;1.0099999999983993;16849.429;16843.419;5.0;1.0099999999983993;0;0;0
2024-01-02 01:22:00;141;ARM;-1;16843.979;0.26000000000203727;16848.979;16843.718999999997;5.0;0.26000000000203727;0;0;0
2024-01-02 01:23:00;142;ARM;-1;16843.409;1.4900000000016007;16848.409;16841.918999999998;5.0;1.4900000000016007;0;0;0
2024-01-02 01:24:00;143;ARM;1;16844.899;0.680000000000291;16839.899;16845.579;5.0;0.680000000000291;0;0;0
2024-01-02 01:25:00;144;ARM;1;16845.889;2.1599999999998545;16840.889;16848.049;5.0;2.1599999999998545;0;0;0
2024-01-02 01:26:00;145;ARM;-1;16843.729;0.5200000000004366;16848.729;16843.209;5.0;0.5200000000004366;0;0;0
2024-01-02 01:27:00;146;ARM;1;16844.249;0.9700000000011642;16839.249;16845.219;5.0;0.9700000000011642;0;0;0
2024-01-02 01:28:00;147;ARM;-1;16843.279;0.3600000000005821;16848.279;16842.918999999998;5.0;0.3600000000005821;0;0;0
2024-01-02 01:29:00;148;ARM;-1;16841.479;0.43000000000029104;16846.479;16841.049;5.0;0.43000000000029104;0;0;0
2024-01-02 01:30:00;149;ARM;-1;16839.119;4.470000000001164;16844.119;16834.648999999998;5.0;4.470000000001164;0;0;0
2024-01-02 01:31:00;150;ARM;1;16843.589;2.7999999999992724;16838.589;16846.389;5.0;2.7999999999992724;0;0;0
2024-01-02 01:32:00;151;ARM;-1;16840.789;0.9199999999982538;16845.789;16839.869000000002;5.0;0.9199999999982538;0;0;0
2024-01-02 01:33:00;152;ARM;1;16841.709;2.969999999997526;16836.709;16844.678999999996;5.0;2.969999999997526;0;0;0
2024-01-02 01:34:00;153;ARM;-1;16838.739;1.25;16843.739;16837.489;5.0;1.25;0;0;0
2024-01-02 01:36:00;154;ARM;-1;16835.819;1.5299999999988358;16840.819;16834.289;5.0;1.5299999999988358;0;0;0
2024-01-02 01:37:00;155;ARM;-1;16835.869;1.6200000000026193;16840.869;16834.248999999996;5.0;1.6200000000026193;0;0;0
2024-01-02 01:38:00;156;ARM;-1;16834.959;0.5300000000024738;16839.959;16834.428999999996;5.0;0.5300000000024738;0;0;0
2024-01-02 01:40:00;157;ARM;-1;16830.959;0.9400000000023283;16835.959;16830.018999999997;5.0;0.9400000000023283;0;0;0
2024-01-02 01:41:00;158;ARM;-1;16830.839;0.9900000000016007;16835.839;16829.849;5.0;0.9900000000016007;0;0;0
2024-01-02 01:42:00;159;ARM;-1;16827.189;0.5100000000020373;16832.189;16826.678999999996;5.0;0.5100000000020373;0;0;0
2024-01-02 01:43:00;160;ARM;-1;16822.919;2.25;16827.919;16820.669;5.0;2.25;0;0;0
2024-01-02 01:44:00;161;ARM;1;16825.169;0.42000000000189175;16820.169;16825.589000000004;5.0;0.42000000000189175;0;0;0
2024-01-02 01:46:00;162;ARM;1;16834.209;5.959999999999127;16828.249;16840.168999999998;5.959999999999127;5.959999999999127;0;0;0
2024-01-02 01:47:00;163;ARM;-1;16828.249;1.9000000000014552;16833.249;16826.349;5.0;1.9000000000014552;0;0;0
2024-01-02 01:48:00;164;ARM;-1;16827.489;1.3099999999976717;16832.489;16826.179000000004;5.0;1.3099999999976717;0;0;0
2024-01-02 01:49:00;165;ARM;-1;16826.969;0.930000000000291;16831.969;16826.039;5.0;0.930000000000291;0;0;0
2024-01-02 01:50:00;166;ARM;-1;16825.649;2.349999999998545;16830.649;16823.299000000003;5.0;2.349999999998545;0;0;0
2024-01-02 01:51:00;167;ARM;-1;16825.829;4.379999999997381;16830.829;16821.449000000004;5.0;4.379999999997381;0;0;0
2024-01-02 01:52:00;168;ARM;1;16830.209;2.2399999999979627;16825.209;16832.448999999997;5.0;2.2399999999979627;0;0;0
2024-01-02 01:53:00;169;ARM;-1;16827.969;1.1899999999986903;16832.969;16826.779000000002;5.0;1.1899999999986903;0;0;0
2024-01-02 01:54:00;170;ARM;1;16829.159;0.8600000000005821;16824.159;16830.019;5.0;0.8600000000005821;0;0;0
2024-01-02 01:55:00;171;ARM;-1;16828.299;1.9099999999998545;16833.299;16826.389;5.0;1.9099999999998545;0;0;0
2024-01-02 01:56:00;172;ARM;1;16830.209;2.7999999999992724;16825.209;16833.009;5.0;2.7999999999992724;0;0;0
2024-01-02 01:57:00;173;ARM;-1;16827.409;0.5900000000001455;16832.409;16826.819;5.0;0.5900000000001455;0;0;0
2024-01-02 01:58:00;174;ARM;1;16827.999;0.7700000000004366;16822.999;16828.769;5.0;0.7700000000004366;0;0;0
2024-01-02 01:59:00;175;ARM;1;16828.739;2.5100000000020373;16823.739;16831.249000000003;5.0;2.5100000000020373;0;0;0
2024-01-02 02:00:00;176;ARM;-1;16826.229;1.7400000000016007;16831.229;16824.488999999998;5.0;1.7400000000016007;0;0;0
2024-01-02 02:01:00;177;ARM;1;16827.969;1.7100000000027649;16822.969;16829.679000000004;5.0;1.7100000000027649;0;0;0
2024-01-02 02:03:00;178;ARM;1;16829.769;2.290000000000873;16824.769;16832.059;5.0;2.290000000000873;0;0;0
2024-01-02 02:04:00;179;ARM;-1;16827.479;2.639999999999418;16832.479;16824.839;5.0;2.639999999999418;0;0;0
2024-01-02 02:05:00;180;ARM;1;16830.119;0.4499999999970896;16825.119;16830.568999999996;5.0;0.4499999999970896;0;0;0
2024-01-02 02:06:00;181;ARM;1;16830.689;2.069999999999709;16825.689;16832.759;5.0;2.069999999999709;0;0;0
2024-01-02 02:07:00;182;ARM;-1;16828.619;1.569999999999709;16833.619;16827.049;5.0;1.569999999999709;0;0;0
2024-01-02 02:08:00;183;ARM;1;16830.189;1.8499999999985448;16825.189;16832.038999999997;5.0;1.8499999999985448;0;0;0
2024-01-02 02:09:00;184;ARM;-1;16828.339;2.150000000001455;16833.339;16826.189;5.0;2.150000000001455;0;0;0
2024-01-02 02:10:00;185;ARM;1;16830.489;0.6300000000010186;16825.489;16831.119000000002;5.0;0.6300000000010186;0;0;0
2024-01-02 02:11:00;186;ARM;1;16830.899;2.390000000003056;16825.899;16833.289000000004;5.0;2.390000000003056;0;0;0
2024-01-02 02:12:00;187;ARM;-1;16828.509;0.8800000000010186;16833.509;16827.628999999997;5.0;0.8800000000010186;0;0;0
2024-01-02 02:13:00;188;ARM;-1;16828.149;1.0900000000001455;16833.149;16827.059;5.0;1.0900000000001455;0;0;0
2024-01-02 02:14:00;189;ARM;-1;16828.449;0.9599999999991269;16833.449;16827.489;5.0;0.9599999999991269;0;0;0
2024-01-02 02:15:00;190;ARM;1;16829.409;3.5600000000013097;16824.409;16832.969;5.0;3.5600000000013097;0;0;0
2024-01-02 02:16:00;191;ARM;-1;16825.849;2.5100000000020373;16830.849;16823.338999999996;5.0;2.5100000000020373;0;0;0
2024-01-02 02:17:00;192;ARM;1;16828.359;1.0299999999988358;16823.359;16829.389;5.0;1.0299999999988358;0;0;0
2024-01-02 02:18:00;193;ARM;1;16828.219;2.2999999999992724;16823.219;16830.519;5.0;2.2999999999992724;0;0;0
2024-01-02 02:19:00;194;ARM;-1;16825.919;0.039999999997235136;16830.919;16825.879000000004;5.0;0.039999999997235136;0;0;0
2024-01-02 02:20:00;195;ARM;-1;16824.379;1.139999999999418;16829.379;16823.239;5.0;1.139999999999418;0;0;0
2024-01-02 02:21:00;196;ARM;-1;16824.429;2.220000000001164;16829.429;16822.209;5.0;2.220000000001164;0;0;0
2024-01-02 02:22:00;197;ARM;1;16826.649;0.010000000002037268;16821.649;16826.659000000003;5.0;0.010000000002037268;0;0;0
2024-01-02 02:23:00;198;ARM;1;16828.099;3.7699999999967986;16823.099;16831.868999999995;5.0;3.7699999999967986;0;0;0
2024-01-02 02:24:00;199;ARM;-1;16824.329;1.5599999999976717;16829.329;16822.769000000004;5.0;1.5599999999976717;0;0;0
2024-01-02 02:25:00;200;ARM;1;16825.889;0.9199999999982538;16820.889;16826.808999999997;5.0;0.9199999999982538;0;0;0
2024-01-02 02:26:00;201;ARM;-1;16824.969;1.6299999999973807;16829.969;16823.339000000004;5.0;1.6299999999973807;0;0;0
2024-01-02 02:27:00;202;ARM;1;16826.599;1.4699999999975262;16821.599;16828.068999999996;5.0;1.4699999999975262;0;0;0
2024-01-02 02:28:00;203;ARM;-1;16825.129;0.9899999999979627;16830.129;16824.139000000003;5.0;0.9899999999979627;0;0;0
2024-01-02 02:29:00;204;ARM;-1;16823.849;1.2400000000016007;16828.849;16822.608999999997;5.0;1.2400000000016007;0;0;0
2024-01-02 02:30:00;205;ARM;-1;16822.309;2.289999999997235;16827.309;16820.019000000004;5.0;2.289999999997235;0;0;0
2024-01-02 02:31:00;206;ARM;-1;16820.869;3.280000000002474;16825.869;16817.588999999996;5.0;3.280000000002474;0;0;0
2024-01-02 02:32:00;207;ARM;1;16824.149;0.3600000000005821;16819.149;16824.509000000002;5.0;0.3600000000005821;0;0;0
2024-01-02 02:33:00;208;ARM;1;16824.689;1.8699999999989814;16819.689;16826.558999999997;5.0;1.8699999999989814;0;0;0
2024-01-02 02:34:00;209;ARM;-1;16822.819;1.3800000000010186;16827.819;16821.439;5.0;1.3800000000010186;0;0;0
2024-01-02 02:35:00;210;ARM;1;16824.199;1.0600000000013097;16819.199;16825.259000000002;5.0;1.0600000000013097;0;0;0
2024-01-02 02:36:00;211;ARM;-1;16823.139;1.7400000000016007;16828.139;16821.398999999998;5.0;1.7400000000016007;0;0;0
2024-01-02 02:37:00;212;ARM;-1;16823.269;0.41999999999825377;16828.269;16822.849000000002;5.0;0.41999999999825377;0;0;0
2024-01-02 02:38:00;213;ARM;-1;16822.129;0.1499999999978172;16827.129;16821.979000000003;5.0;0.1499999999978172;0;0;0
2024-01-02 02:39:00;214;ARM;-1;16818.929;3.7700000000004366;16823.929;16815.159;5.0;3.7700000000004366;0;0;0
2024-01-02 02:40:00;215;ARM;1;16822.699;1.069999999999709;16817.699;16823.769;5.0;1.069999999999709;0;0;0
2024-01-02 02:41:00;216;ARM;-1;16821.629;0.23999999999796273;16826.629;16821.389000000003;5.0;0.23999999999796273;0;0;0
2024-01-02 02:43:00;217;ARM;-1;16822.119;2.0800000000017462;16827.119;16820.038999999997;5.0;2.0800000000017462;0;0;0
2024-01-02 02:44:00;218;ARM;1;16824.199;1.0400000000008731;16819.199;16825.239;5.0;1.0400000000008731;0;0;0
2024-01-02 02:46:00;219;ARM;-1;16821.709;1.9900000000016007;16826.709;16819.718999999997;5.0;1.9900000000016007;0;0;0
2024-01-02 02:47:00;220;ARM;1;16823.699;1.4200000000018917;16818.699;16825.119000000002;5.0;1.4200000000018917;0;0;0
2024-01-02 02:48:00;221;ARM;1;16823.289;1.430000000000291;16818.289;16824.719;5.0;1.430000000000291;0;0;0
2024-01-02 02:49:00;222;ARM;-1;16821.859;1.2700000000004366;16826.859;16820.589;5.0;1.2700000000004366;0;0;0
2024-01-02 02:50:00;223;ARM;-1;16821.629;0.9699999999975262;16826.629;16820.659000000003;5.0;0.9699999999975262;0;0;0
2024-01-02 02:51:00;224;ARM;1;16822.599;3.9799999999995634;16817.599;16826.578999999998;5.0;3.9799999999995634;0;0;0
2024-01-02 02:52:00;225;ARM;-1;16818.619;0.09000000000014552;16823.619;16818.529;5.0;0.09000000000014552;0;0;0
2024-01-02 02:54:00;226;ARM;-1;16812.889;2.7700000000004366;16817.889;16810.119;5.0;2.7700000000004366;0;0;0
2024-01-02 02:55:00;227;ARM;1;16815.659;0.4099999999998545;16810.659;16816.069;5.0;0.4099999999998545;0;0;0
2024-01-02 02:56:00;228;ARM;1;16816.899;0.2400000000016007;16811.899;16817.139000000003;5.0;0.2400000000016007;0;0;0
2024-01-02 02:57:00;229;ARM;1;16818.209;0.41999999999825377;16813.209;16818.628999999997;5.0;0.41999999999825377;0;0;0
2024-01-02 02:58:00;230;ARM;1;16819.449;0.75;16814.449;16820.199;5.0;0.75;0;0;0
2024-01-02 02:59:00;231;ARM;1;16819.739;0.6300000000010186;16814.739;16820.369000000002;5.0;0.6300000000010186;0;0;0
2024-01-02 03:00:00;232;ARM;1;16820.679;0.36999999999898137;16815.679;16821.049;5.0;0.36999999999898137;0;0;0
2024-01-02 03:01:00;233;ARM;1;16821.209;0.5;16816.209;16821.709;5.0;0.5;0;0;0
2024-01-02 03:02:00;234;ARM;1;16821.889;1.6899999999986903;16816.889;16823.578999999998;5.0;1.6899999999986903;0;0;0
2024-01-02 03:03:00;235;ARM;1;16822.139;1.819999999999709;16817.139;16823.959;5.0;1.819999999999709;0;0;0
2024-01-02 03:04:00;236;ARM;-1;16820.319;1.0800000000017462;16825.319;16819.238999999998;5.0;1.0800000000017462;0;0;0
2024-01-02 03:05:00;237;ARM;-1;16819.679;1.2099999999991269;16824.679;16818.469;5.0;1.2099999999991269;0;0;0
2024-01-02 03:06:00;238;ARM;1;16820.889;0.41999999999825377;16815.889;16821.308999999997;5.0;0.41999999999825377;0;0;0
2024-01-02 03:07:00;239;ARM;-1;16820.469;0.930000000000291;16825.469;16819.539;5.0;0.930000000000291;0;0;0
2024-01-02 03:08:00;240;ARM;1;16821.399;0.47000000000116415;16816.399;16821.869000000002;5.0;0.47000000000116415;0;0;0
2024-01-02 03:10:00;241;ARM;1;16822.959;0.6299999999973807;16817.959;16823.588999999996;5.0;0.6299999999973807;0;0;0
2024-01-02 03:11:00;242;ARM;1;16823.459;0.4399999999986903;16818.459;16823.898999999998;5.0;0.4399999999986903;0;0;0
2024-01-02 03:12:00;243;ARM;1;16824.889;1.430000000000291;16819.889;16826.319;5.0;1.430000000000291;0;0;0
2024-01-02 03:13:00;244;ARM;1;16824.099;0.8899999999994179;16819.099;16824.988999999998;5.0;0.8899999999994179;0;0;0
2024-01-02 03:14:00;245;ARM;1;16824.179;1.3699999999989814;16819.179;16825.549;5.0;1.3699999999989814;0;0;0
2024-01-02 03:15:00;246;ARM;-1;16822.809;1.0900000000001455;16827.809;16821.719;5.0;1.0900000000001455;0;0;0
2024-01-02 03:16:00;247;ARM;1;16823.899;1.0900000000001455;16818.899;16824.989;5.0;1.0900000000001455;0;0;0
2024-01-02 03:17:00;248;ARM;-1;16822.809;0.5799999999981083;16827.809;16822.229000000003;5.0;0.5799999999981083;0;0;0
2024-01-02 03:18:00;249;ARM;-1;16822.169;0.41999999999825377;16827.169;16821.749000000003;5.0;0.41999999999825377;0;0;0
2024-01-02 03:19:00;250;ARM;-1;16819.739;0.16999999999825377;16824.739;16819.569000000003;5.0;0.16999999999825377;0;0;0
2024-01-02 03:20:00;251;ARM;-1;16818.469;0.9199999999982538;16823.469;16817.549000000003;5.0;0.9199999999982538;0;0;0
2024-01-02 03:21:00;252;ARM;1;16819.389;1.3800000000010186;16814.389;16820.769;5.0;1.3800000000010186;0;0;0
2024-01-02 03:22:00;253;ARM;-1;16818.009;1.0900000000001455;16823.009;16816.918999999998;5.0;1.0900000000001455;0;0;0
2024-01-02 03:23:00;254;ARM;-1;16818.159;0.5299999999988358;16823.159;16817.629;5.0;0.5299999999988358;0;0;0
2024-01-02 03:24:00;255;ARM;-1;16816.759;0.9800000000032014;16821.759;16815.778999999995;5.0;0.9800000000032014;0;0;0
2024-01-02 03:25:00;256;ARM;1;16817.739;1.3300000000017462;16812.739;16819.069000000003;5.0;1.3300000000017462;0;0;0
2024-01-02 03:26:00;257;ARM;-1;16816.409;2.5;16821.409;16813.909;5.0;2.5;0;0;0
2024-01-02 03:27:00;258;ARM;1;16818.909;0.5200000000004366;16813.909;16819.429;5.0;0.5200000000004366;0;0;0
2024-01-02 03:28:00;259;ARM;1;16819.389;0.059999999997671694;16814.389;16819.448999999997;5.0;0.059999999997671694;0;0;0
2024-01-02 03:29:00;260;ARM;1;16819.899;0.21000000000276486;16814.899;16820.109000000004;5.0;0.21000000000276486;0;0;0
2024-01-02 03:30:00;261;ARM;1;16821.809;1.1300000000010186;16816.809;16822.939000000002;5.0;1.1300000000010186;0;0;0
2024-01-02 03:31:00;262;ARM;-1;16820.679;0.819999999999709;16825.679;16819.859;5.0;0.819999999999709;0;0;0
2024-01-02 03:32:00;263;ARM;-1;16819.629;1.3699999999989814;16824.629;16818.259000000002;5.0;1.3699999999989814;0;0;0
2024-01-02 03:33:00;264;ARM;1;16820.999;0.7200000000011642;16815.999;16821.719;5.0;0.7200000000011642;0;0;0
2024-01-02 03:34:00;265;ARM;-1;16820.279;0.5200000000004366;16825.279;16819.759;5.0;0.5200000000004366;0;0;0
2024-01-02 03:35:00;266;ARM;-1;16819.899;0.3099999999976717;16824.899;16819.589000000004;5.0;0.3099999999976717;0;0;0
2024-01-02 03:36:00;267;ARM;-1;16818.989;0.16999999999825377;16823.989;16818.819000000003;5.0;0.16999999999825377;0;0;0
2024-01-02 03:37:00;268;ARM;-1;16817.299;0.6000000000021828;16822.299;16816.698999999997;5.0;0.6000000000021828;0;0;0
2024-01-02 03:38:00;269;ARM;-1;16816.649;0.25;16821.649;16816.399;5.0;0.25;0;0;0
2024-01-02 03:39:00;270;ARM;-1;16815.349;2.360000000000582;16820.349;16812.988999999998;5.0;2.360000000000582;0;0;0
2024-01-02 03:40:00;271;ARM;1;16817.709;0.5599999999976717;16812.709;16818.268999999997;5.0;0.5599999999976717;0;0;0
2024-01-02 03:41:00;272;ARM;1;16817.809;0.6599999999998545;16812.809;16818.469;5.0;0.6599999999998545;0;0;0
2024-01-02 03:42:00;273;ARM;-1;16817.149;0.7599999999983993;16822.149;16816.389000000003;5.0;0.7599999999983993;0;0;0
2024-01-02 03:43:00;274;ARM;1;16817.909;0.7700000000004366;16812.909;16818.679;5.0;0.7700000000004366;0;0;0
2024-01-02 03:44:00;275;ARM;1;16818.759;0.5899999999965075;16813.759;16819.348999999995;5.0;0.5899999999965075;0;0;0
2024-01-02 03:45:00;276;ARM;1;16819.989;0.6100000000005821;16814.989;16820.599000000002;5.0;0.6100000000005821;0;0;0
2024-01-02 03:46:00;277;ARM;1;16821.509;1.389999999999418;16816.509;16822.898999999998;5.0;1.389999999999418;0;0;0
2024-01-02 03:47:00;278;ARM;-1;16820.119;0.9799999999995634;16825.119;16819.139;5.0;0.9799999999995634;0;0;0
2024-01-02 03:48:00;279;ARM;-1;16820.319;0.08000000000174623;16825.319;16820.238999999998;5.0;0.08000000000174623;0;0;0
2024-01-02 03:49:00;280;ARM;-1;16819.409;0.6899999999986903;16824.409;16818.719;5.0;0.6899999999986903;0;0;0
2024-01-02 03:50:00;281;ARM;-1;16818.839;0.3100000000013097;16823.839;16818.529;5.0;0.3100000000013097;0;0;0
2024-01-02 03:51:00;282;ARM;-1;16816.969;0.6499999999978172;16821.969;16816.319000000003;5.0;0.6499999999978172;0;0;0
2024-01-02 03:52:00;283;ARM;-1;16815.829;0.15999999999985448;16820.829;16815.669;5.0;0.15999999999985448;0;0;0
2024-01-02 03:53:00;284;ARM;-1;16814.639;0.819999999999709;16819.639;16813.819;5.0;0.819999999999709;0;0;0
2024-01-02 03:54:00;285;ARM;-1;16813.989;2.0199999999967986;16818.989;16811.969000000005;5.0;2.0199999999967986;0;0;0
2024-01-02 03:55:00;286;ARM;1;16816.009;0.36999999999898137;16811.009;16816.378999999997;5.0;0.36999999999898137;0;0;0
2024-01-02 03:56:00;287;ARM;1;16817.229;0.38000000000101863;16812.229;16817.609;5.0;0.38000000000101863;0;0;0
2024-01-02 03:57:00;288;ARM;-1;16816.849;1.0300000000024738;16821.849;16815.818999999996;5.0;1.0300000000024738;0;0;0
2024-01-02 03:59:00;289;ARM;1;16819.599;0.9099999999998545;16814.599;16820.509;5.0;0.9099999999998545;0;0;0
2024-01-02 04:00:00;290;ARM;1;16819.199;2.2299999999995634;16814.199;16821.429;5.0;2.2299999999995634;0;0;0
2024-01-02 04:01:00;291;ARM;-1;16816.969;0.16999999999825377;16821.969;16816.799000000003;5.0;0.16999999999825377;0;0;0
2024-01-02 04:02:00;292;ARM;-1;16815.819;1.360000000000582;16820.819;16814.459;5.0;1.360000000000582;0;0;0
2024-01-02 04:03:00;293;ARM;1;16817.179;0.7200000000011642;16812.179;16817.899;5.0;0.7200000000011642;0;0;0
2024-01-02 04:04:00;294;ARM;1;16816.909;1.0900000000001455;16811.909;16817.999;5.0;1.0900000000001455;0;0;0
2024-01-02 04:05:00;295;ARM;-1;16815.819;0.8899999999994179;16820.819;16814.929;5.0;0.8899999999994179;0;0;0
2024-01-02 04:06:00;296;ARM;1;16816.709;0.4099999999998545;16811.709;16817.119;5.0;0.4099999999998545;0;0;0
2024-01-02 04:07:00;297;ARM;-1;16816.299;0.5900000000001455;16821.299;16815.709;5.0;0.5900000000001455;0;0;0
2024-01-02 04:08:00;298;ARM;1;16816.889;0.4500000000007276;16811.889;16817.339;5.0;0.4500000000007276;0;0;0
2024-01-02 04:09:00;299;ARM;-1;16816.439;0.9600000000027649;16821.439;16815.478999999996;5.0;0.9600000000027649;0;0;0
2024-01-02 04:10:00;300;ARM;-1;16816.849;0.7400000000016007;16821.849;16816.108999999997;5.0;0.7400000000016007;0;0;0
