variant;name;trades;wins;losses;winrate;gross_profit;gross_loss;profit_factor;equity;net;maxdd;max_losing_streak;next_step;unrecovered_loss
0;Fija_Geometrica;0;0;0;0.0;0.0;0.0;0.0;10000.0;0.0;0.0;0;0;0.0
1;Lineal_001_004_Modular;0;0;0;0.0;0.0;0.0;0.0;10000.0;0.0;0.0;0;0;0.0
2;Lineal_3Vars_Modular;0;0;0;0.0;0.0;0.0;0.0;10000.0;0.0;0.0;0;0;0.0
3;Lineal_2de3_Modular;0;0;0;0.0;0.0;0.0;0.0;10000.0;0.0;0.0;0;0;0.0
4;Lineal_Score_Modular;0;0;0;0.0;0.0;0.0;0.0;10000.0;0.0;0.0;0;0;0.0
5;Lineal_Velocidad_Modular;0;0;0;0.0;0.0;0.0;0.0;10000.0;0.0;0.0;0;0;0.0
6;Lineal_RecuperacionEUR;0;0;0;0.0;0.0;0.0;0.0;10000.0;0.0;0.0;0;0;0.0
7;LoteRecuperacion_Dinero;0;0;0;0.0;0.0;0.0;0.0;10000.0;0.0;0.0;0;0;0.0
8;Suave_001_0015_002_003;0;0;0;0.0;0.0;0.0;0.0;10000.0;0.0;0.0;0;0;0.0
9;ResetParcial_Modular;0;0;0;0.0;0.0;0.0;0.0;10000.0;0.0;0.0;0;0;0.0
10;AntiMartingala_Modular;0;0;0;0.0;0.0;0.0;0.0;10000.0;0.0;0.0;0;0;0.0
11;Lineal_TP10_SL10;0;0;0;0.0;0.0;0.0;0.0;10000.0;0.0;0.0;0;0;0.0
12;Lineal_TP15_SL10;0;0;0;0.0;0.0;0.0;0.0;10000.0;0.0;0.0;0;0;0.0
13;Lineal_RR1;0;0;0;0.0;0.0;0.0;0.0;10000.0;0.0;0.0;0;0;0.0
14;Lineal_RR125;0;0;0;0.0;0.0;0.0;0.0;10000.0;0.0;0.0;0;0;0.0
15;Lineal_RR15;0;0;0;0.0;0.0;0.0;0.0;10000.0;0.0;0.0;0;0;0.0
16;Lineal_SL075A_TP_A;0;0;0;0.0;0.0;0.0;0.0;10000.0;0.0;0.0;0;0;0.0
17;Lineal_TT_y_FT_3Vars;0;0;0;0.0;0.0;0.0;0.0;10000.0;0.0;0.0;0;0;0.0
18;Recuperacion_TT_y_FT;0;0;0;0.0;0.0;0.0;0.0;10000.0;0.0;0.0;0;0;0.0
19;Fija_TT_y_FT_Score;0;0;0;0.0;0.0;0.0;0.0;10000.0;0.0;0.0;0;0;0.0
